{"minecraft:recipes/decorations/crafting_table":{"criteria":{"unlock_right_away":"2024-09-27 01:21:49 -0500"},"done":true},"minecraft:adventure/adventuring_time":{"criteria":{"minecraft:deep_cold_ocean":"2024-09-28 00:29:07 -0500","minecraft:cold_ocean":"2024-09-28 00:26:55 -0500","minecraft:flower_forest":"2024-09-27 01:25:43 -0500","minecraft:beach":"2024-09-27 01:22:39 -0500","minecraft:ocean":"2024-09-28 00:26:54 -0500","minecraft:sunflower_plains":"2024-09-27 02:00:28 -0500","minecraft:river":"2024-09-28 00:25:34 -0500","minecraft:stony_shore":"2024-09-27 02:04:08 -0500","minecraft:plains":"2024-09-27 01:21:50 -0500"},"done":false},"minecraft:recipes/misc/iron_nugget_from_smelting":{"criteria":{"has_iron_pickaxe":"2024-09-27 01:23:14 -0500"},"done":true},"minecraft:story/iron_tools":{"criteria":{"iron_pickaxe":"2024-09-27 01:23:14 -0500"},"done":true},"minecraft:recipes/misc/iron_nugget_from_blasting":{"criteria":{"has_iron_pickaxe":"2024-09-27 01:23:14 -0500"},"done":true},"minecraft:story/obtain_armor":{"criteria":{"iron_leggings":"2024-09-27 01:23:34 -0500"},"done":true},"minecraft:recipes/misc/orange_dye_from_orange_tulip":{"criteria":{"has_orange_tulip":"2024-09-27 01:33:03 -0500"},"done":true},"minecraft:recipes/misc/light_gray_dye_from_white_tulip":{"criteria":{"has_white_tulip":"2024-09-27 01:33:08 -0500"},"done":true},"minecraft:recipes/misc/pink_dye_from_pink_tulip":{"criteria":{"has_pink_tulip":"2024-09-27 01:33:08 -0500"},"done":true},"minecraft:recipes/misc/flower_banner_pattern":{"criteria":{"has_oxeye_daisy":"2024-09-27 01:33:18 -0500"},"done":true},"minecraft:recipes/misc/light_gray_dye_from_oxeye_daisy":{"criteria":{"has_oxeye_daisy":"2024-09-27 01:33:18 -0500"},"done":true},"minecraft:recipes/misc/charcoal":{"criteria":{"has_log":"2024-09-27 01:34:17 -0500"},"done":true},"minecraft:recipes/decorations/chest":{"criteria":{"has_lots_of_items":"2024-09-27 01:34:17 -0500"},"done":true},"minecraft:recipes/building_blocks/oak_planks":{"criteria":{"has_logs":"2024-09-27 01:34:17 -0500"},"done":true},"minecraft:recipes/building_blocks/oak_wood":{"criteria":{"has_log":"2024-09-27 01:34:17 -0500"},"done":true},"minecraft:recipes/transportation/mangrove_boat":{"criteria":{"in_water":"2024-09-27 01:35:16 -0500"},"done":true},"minecraft:recipes/transportation/acacia_boat":{"criteria":{"in_water":"2024-09-27 01:35:16 -0500"},"done":true},"minecraft:recipes/transportation/cherry_boat":{"criteria":{"in_water":"2024-09-27 01:35:16 -0500"},"done":true},"minecraft:recipes/transportation/bamboo_raft":{"criteria":{"in_water":"2024-09-27 01:35:16 -0500"},"done":true},"minecraft:recipes/transportation/spruce_boat":{"criteria":{"in_water":"2024-09-27 01:35:16 -0500"},"done":true},"minecraft:recipes/transportation/birch_boat":{"criteria":{"in_water":"2024-09-27 01:35:16 -0500"},"done":true},"minecraft:recipes/transportation/oak_boat":{"criteria":{"in_water":"2024-09-27 01:35:16 -0500"},"done":true},"minecraft:recipes/transportation/jungle_boat":{"criteria":{"in_water":"2024-09-27 01:35:16 -0500"},"done":true},"minecraft:recipes/transportation/dark_oak_boat":{"criteria":{"in_water":"2024-09-27 01:35:16 -0500"},"done":true},"minecraft:adventure/root":{"criteria":{"killed_by_something":"2024-09-27 01:36:15 -0500"},"done":true},"minecraft:recipes/misc/bone_meal":{"criteria":{"has_bone":"2024-09-27 01:36:55 -0500"},"done":true},"minecraft:recipes/decorations/ladder":{"criteria":{"has_stick":"2024-09-27 01:38:37 -0500"},"done":true},"minecraft:recipes/decorations/campfire":{"criteria":{"has_stick":"2024-09-27 01:38:37 -0500"},"done":true},"minecraft:recipes/tools/wooden_hoe":{"criteria":{"has_stick":"2024-09-27 01:38:37 -0500"},"done":true},"minecraft:recipes/tools/wooden_pickaxe":{"criteria":{"has_stick":"2024-09-27 01:38:37 -0500"},"done":true},"minecraft:recipes/tools/wooden_axe":{"criteria":{"has_stick":"2024-09-27 01:38:37 -0500"},"done":true},"minecraft:recipes/tools/wooden_shovel":{"criteria":{"has_stick":"2024-09-27 01:38:37 -0500"},"done":true},"minecraft:recipes/combat/wooden_sword":{"criteria":{"has_stick":"2024-09-27 01:38:37 -0500"},"done":true},"minecraft:recipes/misc/red_dye_from_tulip":{"criteria":{"has_red_flower":"2024-09-27 01:38:50 -0500"},"done":true},"minecraft:recipes/misc/blue_dye_from_cornflower":{"criteria":{"has_cornflower":"2024-09-27 01:39:55 -0500"},"done":true},"minecraft:recipes/food/cooked_porkchop":{"criteria":{"has_porkchop":"2024-09-27 01:41:15 -0500"},"done":true},"minecraft:recipes/food/cooked_porkchop_from_campfire_cooking":{"criteria":{"has_porkchop":"2024-09-27 01:41:15 -0500"},"done":true},"minecraft:recipes/food/cooked_porkchop_from_smoking":{"criteria":{"has_porkchop":"2024-09-27 01:41:15 -0500"},"done":true},"minecraft:recipes/misc/light_gray_dye_from_azure_bluet":{"criteria":{"has_azure_bluet":"2024-09-27 01:42:00 -0500"},"done":true},"minecraft:recipes/misc/magenta_dye_from_allium":{"criteria":{"has_allium":"2024-09-27 01:42:36 -0500"},"done":true},"minecraft:husbandry/tame_an_animal":{"criteria":{"tamed_animal":"2024-09-27 01:46:09 -0500"},"done":true},"minecraft:adventure/sleep_in_bed":{"criteria":{"slept_in_bed":"2024-09-27 01:55:20 -0500"},"done":true},"minecraft:husbandry/balanced_diet":{"criteria":{"cooked_porkchop":"2024-09-28 00:43:26 -0500","enchanted_golden_apple":"2024-09-28 00:44:04 -0500","cooked_mutton":"2024-09-30 23:37:31 -0500","potato":"2024-10-06 04:55:27 -0500","salmon":"2024-10-06 07:47:48 -0500","cooked_beef":"2024-09-30 23:38:23 -0500","porkchop":"2024-09-27 01:57:54 -0500"},"done":false},"minecraft:husbandry/root":{"criteria":{"consumed_item":"2024-09-27 01:57:54 -0500"},"done":true},"minecraft:recipes/misc/yellow_dye_from_dandelion":{"criteria":{"has_dandelion":"2024-09-27 01:58:15 -0500"},"done":true},"minecraft:recipes/misc/red_dye_from_poppy":{"criteria":{"has_poppy":"2024-09-27 02:00:11 -0500"},"done":true},"minecraft:recipes/decorations/brown_banner":{"criteria":{"has_brown_wool":"2024-09-28 00:17:58 -0500"},"done":true},"minecraft:recipes/decorations/brown_bed":{"criteria":{"has_brown_wool":"2024-09-28 00:17:58 -0500"},"done":true},"minecraft:recipes/decorations/brown_carpet":{"criteria":{"has_brown_wool":"2024-09-28 00:17:58 -0500"},"done":true},"minecraft:recipes/decorations/painting":{"criteria":{"has_wool":"2024-09-28 00:17:58 -0500"},"done":true},"minecraft:recipes/food/cooked_mutton_from_smoking":{"criteria":{"has_mutton":"2024-09-28 00:18:00 -0500"},"done":true},"minecraft:recipes/food/cooked_mutton":{"criteria":{"has_mutton":"2024-09-28 00:18:00 -0500"},"done":true},"minecraft:recipes/food/cooked_mutton_from_campfire_cooking":{"criteria":{"has_mutton":"2024-09-28 00:18:00 -0500"},"done":true},"minecraft:recipes/misc/yellow_dye_from_sunflower":{"criteria":{"has_sunflower":"2024-09-28 00:18:55 -0500"},"done":true},"minecraft:recipes/combat/leather_helmet":{"criteria":{"has_leather":"2024-09-28 00:19:17 -0500"},"done":true},"minecraft:recipes/combat/leather_leggings":{"criteria":{"has_leather":"2024-09-28 00:19:17 -0500"},"done":true},"minecraft:recipes/food/cooked_beef_from_smoking":{"criteria":{"has_beef":"2024-09-28 00:19:17 -0500"},"done":true},"minecraft:recipes/decorations/item_frame":{"criteria":{"has_leather":"2024-09-28 00:19:17 -0500"},"done":true},"minecraft:recipes/combat/leather_chestplate":{"criteria":{"has_leather":"2024-09-28 00:19:17 -0500"},"done":true},"minecraft:recipes/combat/leather_boots":{"criteria":{"has_leather":"2024-09-28 00:19:17 -0500"},"done":true},"minecraft:recipes/misc/leather_horse_armor":{"criteria":{"has_leather":"2024-09-28 00:19:17 -0500"},"done":true},"minecraft:recipes/food/cooked_beef":{"criteria":{"has_beef":"2024-09-28 00:19:17 -0500"},"done":true},"minecraft:recipes/food/cooked_beef_from_campfire_cooking":{"criteria":{"has_beef":"2024-09-28 00:19:17 -0500"},"done":true},"minecraft:recipes/decorations/white_banner":{"criteria":{"has_white_wool":"2024-09-28 00:19:53 -0500"},"done":true},"minecraft:recipes/decorations/white_bed":{"criteria":{"has_white_wool":"2024-09-28 00:19:53 -0500"},"done":true},"minecraft:recipes/decorations/white_carpet":{"criteria":{"has_white_wool":"2024-09-28 00:19:53 -0500"},"done":true},"minecraft:recipes/building_blocks/coal_block":{"criteria":{"has_coal":"2024-09-28 00:24:26 -0500"},"done":true},"minecraft:recipes/redstone/lever":{"criteria":{"has_cobblestone":"2024-09-28 00:24:34 -0500"},"done":true},"minecraft:recipes/combat/stone_sword":{"criteria":{"has_cobblestone":"2024-09-28 00:24:34 -0500"},"done":true},"minecraft:recipes/decorations/cobblestone_wall":{"criteria":{"has_cobblestone":"2024-09-28 00:24:34 -0500"},"done":true},"minecraft:recipes/tools/stone_pickaxe":{"criteria":{"has_cobblestone":"2024-09-28 00:24:34 -0500"},"done":true},"minecraft:recipes/tools/stone_axe":{"criteria":{"has_cobblestone":"2024-09-28 00:24:34 -0500"},"done":true},"minecraft:story/mine_stone":{"criteria":{"get_stone":"2024-09-28 00:24:34 -0500"},"done":true},"minecraft:recipes/decorations/furnace":{"criteria":{"has_cobblestone":"2024-09-28 00:24:34 -0500"},"done":true},"minecraft:recipes/building_blocks/cobblestone_slab":{"criteria":{"has_cobblestone":"2024-09-28 00:24:34 -0500"},"done":true},"minecraft:recipes/building_blocks/cobblestone_slab_from_cobblestone_stonecutting":{"criteria":{"has_cobblestone":"2024-09-28 00:24:34 -0500"},"done":true},"minecraft:recipes/building_blocks/stone":{"criteria":{"has_cobblestone":"2024-09-28 00:24:34 -0500"},"done":true},"minecraft:recipes/decorations/cobblestone_wall_from_cobblestone_stonecutting":{"criteria":{"has_cobblestone":"2024-09-28 00:24:34 -0500"},"done":true},"minecraft:recipes/building_blocks/cobblestone_stairs_from_cobblestone_stonecutting":{"criteria":{"has_cobblestone":"2024-09-28 00:24:34 -0500"},"done":true},"minecraft:recipes/building_blocks/cobblestone_stairs":{"criteria":{"has_cobblestone":"2024-09-28 00:24:34 -0500"},"done":true},"minecraft:recipes/tools/stone_hoe":{"criteria":{"has_cobblestone":"2024-09-28 00:24:34 -0500"},"done":true},"minecraft:recipes/tools/stone_shovel":{"criteria":{"has_cobblestone":"2024-09-28 00:24:34 -0500"},"done":true},"minecraft:recipes/building_blocks/stone_bricks":{"criteria":{"has_stone":"2024-09-28 00:40:42 -0500"},"done":true},"minecraft:recipes/building_blocks/stone_brick_slab_from_stone_stonecutting":{"criteria":{"has_stone":"2024-09-28 00:40:42 -0500"},"done":true},"minecraft:recipes/building_blocks/stone_brick_stairs_from_stone_stonecutting":{"criteria":{"has_stone":"2024-09-28 00:40:42 -0500"},"done":true},"minecraft:recipes/building_blocks/stone_slab_from_stone_stonecutting":{"criteria":{"has_stone":"2024-09-28 00:40:42 -0500"},"done":true},"minecraft:recipes/building_blocks/stone_bricks_from_stone_stonecutting":{"criteria":{"has_stone":"2024-09-28 00:40:42 -0500"},"done":true},"minecraft:recipes/building_blocks/stone_slab":{"criteria":{"has_stone":"2024-09-28 00:40:42 -0500"},"done":true},"minecraft:recipes/building_blocks/chiseled_stone_bricks_stone_from_stonecutting":{"criteria":{"has_stone":"2024-09-28 00:40:42 -0500"},"done":true},"minecraft:recipes/building_blocks/stone_stairs_from_stone_stonecutting":{"criteria":{"has_stone":"2024-09-28 00:40:42 -0500"},"done":true},"minecraft:recipes/redstone/stone_button":{"criteria":{"has_stone":"2024-09-28 00:40:42 -0500"},"done":true},"minecraft:recipes/decorations/stonecutter":{"criteria":{"has_stone":"2024-09-28 00:40:42 -0500"},"done":true},"minecraft:recipes/redstone/stone_pressure_plate":{"criteria":{"has_stone":"2024-09-28 00:40:42 -0500"},"done":true},"minecraft:recipes/building_blocks/smooth_stone":{"criteria":{"has_stone":"2024-09-28 00:40:42 -0500"},"done":true},"minecraft:recipes/decorations/stone_brick_walls_from_stone_stonecutting":{"criteria":{"has_stone":"2024-09-28 00:40:42 -0500"},"done":true},"minecraft:recipes/building_blocks/stone_stairs":{"criteria":{"has_stone":"2024-09-28 00:40:42 -0500"},"done":true},"minecraft:recipes/combat/iron_sword":{"criteria":{"has_iron_ingot":"2024-09-28 00:41:03 -0500"},"done":true},"minecraft:recipes/tools/iron_pickaxe":{"criteria":{"has_iron_ingot":"2024-09-28 00:41:03 -0500"},"done":true},"minecraft:recipes/combat/iron_leggings":{"criteria":{"has_iron_ingot":"2024-09-28 00:41:03 -0500"},"done":true},"minecraft:recipes/combat/shield":{"criteria":{"has_iron_ingot":"2024-09-28 00:41:03 -0500"},"done":true},"minecraft:recipes/redstone/hopper":{"criteria":{"has_iron_ingot":"2024-09-28 00:41:03 -0500"},"done":true},"minecraft:recipes/decorations/iron_bars":{"criteria":{"has_iron_ingot":"2024-09-28 00:41:03 -0500"},"done":true},"minecraft:recipes/combat/iron_boots":{"criteria":{"has_iron_ingot":"2024-09-28 00:41:03 -0500"},"done":true},"minecraft:recipes/combat/iron_chestplate":{"criteria":{"has_iron_ingot":"2024-09-28 00:41:03 -0500"},"done":true},"minecraft:recipes/decorations/lantern":{"criteria":{"has_iron_ingot":"2024-09-28 00:41:03 -0500"},"done":true},"minecraft:recipes/misc/iron_nugget":{"criteria":{"has_iron_ingot":"2024-09-28 00:41:03 -0500"},"done":true},"minecraft:recipes/misc/bucket":{"criteria":{"has_iron_ingot":"2024-09-28 00:41:03 -0500"},"done":true},"minecraft:recipes/combat/iron_helmet":{"criteria":{"has_iron_ingot":"2024-09-28 00:41:03 -0500"},"done":true},"minecraft:recipes/transportation/minecart":{"criteria":{"has_iron_ingot":"2024-09-28 00:41:03 -0500"},"done":true},"minecraft:recipes/tools/iron_hoe":{"criteria":{"has_iron_ingot":"2024-09-28 00:41:03 -0500"},"done":true},"minecraft:recipes/tools/iron_shovel":{"criteria":{"has_iron_ingot":"2024-09-28 00:41:03 -0500"},"done":true},"minecraft:story/smelt_iron":{"criteria":{"iron":"2024-09-28 00:41:03 -0500"},"done":true},"minecraft:recipes/tools/shears":{"criteria":{"has_iron_ingot":"2024-09-28 00:41:03 -0500"},"done":true},"minecraft:recipes/redstone/iron_trapdoor":{"criteria":{"has_iron_ingot":"2024-09-28 00:41:03 -0500"},"done":true},"minecraft:recipes/decorations/chain":{"criteria":{"has_iron_ingot":"2024-09-28 00:41:03 -0500"},"done":true},"minecraft:recipes/building_blocks/iron_block":{"criteria":{"has_iron_ingot":"2024-09-28 00:41:03 -0500"},"done":true},"minecraft:recipes/tools/iron_axe":{"criteria":{"has_iron_ingot":"2024-09-28 00:41:03 -0500"},"done":true},"minecraft:recipes/combat/crossbow":{"criteria":{"has_iron_ingot":"2024-09-28 00:41:03 -0500"},"done":true},"minecraft:recipes/decorations/smithing_table":{"criteria":{"has_iron_ingot":"2024-09-28 00:41:03 -0500"},"done":true},"minecraft:recipes/redstone/iron_door":{"criteria":{"has_iron_ingot":"2024-09-28 00:41:03 -0500"},"done":true},"minecraft:recipes/redstone/heavy_weighted_pressure_plate":{"criteria":{"has_iron_ingot":"2024-09-28 00:41:03 -0500"},"done":true},"minecraft:recipes/misc/mojang_banner_pattern":{"criteria":{"has_enchanted_golden_apple":"2024-09-28 00:43:36 -0500"},"done":true},"minecraft:recipes/food/cooked_chicken_from_campfire_cooking":{"criteria":{"has_chicken":"2024-09-30 23:03:01 -0500"},"done":true},"minecraft:recipes/food/cooked_chicken":{"criteria":{"has_chicken":"2024-09-30 23:03:01 -0500"},"done":true},"minecraft:recipes/food/cooked_chicken_from_smoking":{"criteria":{"has_chicken":"2024-09-30 23:03:01 -0500"},"done":true},"minecraft:recipes/combat/arrow":{"criteria":{"has_feather":"2024-09-30 23:03:01 -0500"},"done":true},"minecraft:recipes/combat/diamond_leggings":{"criteria":{"has_diamond":"2024-09-30 23:17:05 -0500"},"done":true},"minecraft:recipes/combat/diamond_sword":{"criteria":{"has_diamond":"2024-09-30 23:17:05 -0500"},"done":true},"minecraft:recipes/decorations/jukebox":{"criteria":{"has_diamond":"2024-09-30 23:17:05 -0500"},"done":true},"minecraft:recipes/combat/diamond_chestplate":{"criteria":{"has_diamond":"2024-09-30 23:17:05 -0500"},"done":true},"minecraft:recipes/combat/diamond_helmet":{"criteria":{"has_diamond":"2024-09-30 23:17:05 -0500"},"done":true},"minecraft:recipes/tools/diamond_pickaxe":{"criteria":{"has_diamond":"2024-09-30 23:17:05 -0500"},"done":true},"minecraft:recipes/building_blocks/diamond_block":{"criteria":{"has_diamond":"2024-09-30 23:17:05 -0500"},"done":true},"minecraft:recipes/tools/diamond_hoe":{"criteria":{"has_diamond":"2024-09-30 23:17:05 -0500"},"done":true},"minecraft:recipes/tools/diamond_shovel":{"criteria":{"has_diamond":"2024-09-30 23:17:05 -0500"},"done":true},"minecraft:story/mine_diamond":{"criteria":{"diamond":"2024-09-30 23:17:05 -0500"},"done":true},"minecraft:recipes/tools/diamond_axe":{"criteria":{"has_diamond":"2024-09-30 23:17:05 -0500"},"done":true},"minecraft:recipes/combat/diamond_boots":{"criteria":{"has_diamond":"2024-09-30 23:17:05 -0500"},"done":true},"minecraft:recipes/building_blocks/oak_slab":{"criteria":{"has_planks":"2024-09-30 23:29:52 -0500"},"done":true},"minecraft:recipes/decorations/oak_sign":{"criteria":{"has_planks":"2024-09-30 23:29:52 -0500"},"done":true},"minecraft:recipes/redstone/oak_trapdoor":{"criteria":{"has_planks":"2024-09-30 23:29:52 -0500"},"done":true},"minecraft:recipes/redstone/oak_fence_gate":{"criteria":{"has_planks":"2024-09-30 23:29:52 -0500"},"done":true},"minecraft:recipes/redstone/oak_pressure_plate":{"criteria":{"has_planks":"2024-09-30 23:29:52 -0500"},"done":true},"minecraft:recipes/redstone/oak_door":{"criteria":{"has_planks":"2024-09-30 23:29:52 -0500"},"done":true},"minecraft:recipes/misc/stick":{"criteria":{"has_planks":"2024-09-30 23:29:52 -0500"},"done":true},"minecraft:recipes/building_blocks/oak_stairs":{"criteria":{"has_planks":"2024-09-30 23:29:52 -0500"},"done":true},"minecraft:recipes/decorations/oak_fence":{"criteria":{"has_planks":"2024-09-30 23:29:52 -0500"},"done":true},"minecraft:recipes/decorations/barrel":{"criteria":{"has_planks":"2024-09-30 23:29:52 -0500"},"done":true},"minecraft:recipes/redstone/oak_button":{"criteria":{"has_planks":"2024-09-30 23:29:52 -0500"},"done":true},"minecraft:recipes/building_blocks/polished_deepslate":{"criteria":{"has_cobbled_deepslate":"2024-09-30 23:38:26 -0500"},"done":true},"minecraft:recipes/building_blocks/deepslate_tile_stairs_from_cobbled_deepslate_stonecutting":{"criteria":{"has_cobbled_deepslate":"2024-09-30 23:38:26 -0500"},"done":true},"minecraft:recipes/decorations/deepslate_brick_wall_from_cobbled_deepslate_stonecutting":{"criteria":{"has_cobbled_deepslate":"2024-09-30 23:38:26 -0500"},"done":true},"minecraft:recipes/building_blocks/polished_deepslate_from_cobbled_deepslate_stonecutting":{"criteria":{"has_cobbled_deepslate":"2024-09-30 23:38:26 -0500"},"done":true},"minecraft:recipes/building_blocks/polished_deepslate_slab_from_cobbled_deepslate_stonecutting":{"criteria":{"has_cobbled_deepslate":"2024-09-30 23:38:26 -0500"},"done":true},"minecraft:recipes/building_blocks/deepslate_brick_stairs_from_cobbled_deepslate_stonecutting":{"criteria":{"has_cobbled_deepslate":"2024-09-30 23:38:26 -0500"},"done":true},"minecraft:recipes/building_blocks/deepslate_brick_slab_from_cobbled_deepslate_stonecutting":{"criteria":{"has_cobbled_deepslate":"2024-09-30 23:38:26 -0500"},"done":true},"minecraft:recipes/building_blocks/cobbled_deepslate_slab_from_cobbled_deepslate_stonecutting":{"criteria":{"has_cobbled_deepslate":"2024-09-30 23:38:26 -0500"},"done":true},"minecraft:recipes/building_blocks/deepslate_tile_slab_from_cobbled_deepslate_stonecutting":{"criteria":{"has_cobbled_deepslate":"2024-09-30 23:38:26 -0500"},"done":true},"minecraft:recipes/building_blocks/cobbled_deepslate_stairs":{"criteria":{"has_cobbled_deepslate":"2024-09-30 23:38:26 -0500"},"done":true},"minecraft:recipes/building_blocks/chiseled_deepslate_from_cobbled_deepslate_stonecutting":{"criteria":{"has_cobbled_deepslate":"2024-09-30 23:38:26 -0500"},"done":true},"minecraft:recipes/building_blocks/cobbled_deepslate_slab":{"criteria":{"has_cobbled_deepslate":"2024-09-30 23:38:26 -0500"},"done":true},"minecraft:recipes/decorations/cobbled_deepslate_wall_from_cobbled_deepslate_stonecutting":{"criteria":{"has_cobbled_deepslate":"2024-09-30 23:38:26 -0500"},"done":true},"minecraft:recipes/decorations/deepslate_tile_wall_from_cobbled_deepslate_stonecutting":{"criteria":{"has_cobbled_deepslate":"2024-09-30 23:38:26 -0500"},"done":true},"minecraft:recipes/decorations/cobbled_deepslate_wall":{"criteria":{"has_cobbled_deepslate":"2024-09-30 23:38:26 -0500"},"done":true},"minecraft:recipes/decorations/polished_deepslate_wall_from_cobbled_deepslate_stonecutting":{"criteria":{"has_cobbled_deepslate":"2024-09-30 23:38:26 -0500"},"done":true},"minecraft:recipes/building_blocks/deepslate_bricks_from_cobbled_deepslate_stonecutting":{"criteria":{"has_cobbled_deepslate":"2024-09-30 23:38:26 -0500"},"done":true},"minecraft:recipes/building_blocks/deepslate_tiles_from_cobbled_deepslate_stonecutting":{"criteria":{"has_cobbled_deepslate":"2024-09-30 23:38:26 -0500"},"done":true},"minecraft:recipes/building_blocks/cobbled_deepslate_stairs_from_cobbled_deepslate_stonecutting":{"criteria":{"has_cobbled_deepslate":"2024-09-30 23:38:26 -0500"},"done":true},"minecraft:recipes/building_blocks/deepslate":{"criteria":{"has_cobbled_deepslate":"2024-09-30 23:38:26 -0500"},"done":true},"minecraft:recipes/building_blocks/polished_deepslate_stairs_from_cobbled_deepslate_stonecutting":{"criteria":{"has_cobbled_deepslate":"2024-09-30 23:38:26 -0500"},"done":true},"minecraft:recipes/brewing/cauldron":{"criteria":{"has_water_bucket":"2024-09-30 23:39:55 -0500"},"done":true},"minecraft:recipes/building_blocks/lime_concrete_powder":{"criteria":{"has_sand":"2024-09-30 23:46:30 -0500"},"done":true},"minecraft:recipes/building_blocks/light_gray_concrete_powder":{"criteria":{"has_sand":"2024-09-30 23:46:30 -0500"},"done":true},"minecraft:recipes/building_blocks/pink_concrete_powder":{"criteria":{"has_sand":"2024-09-30 23:46:30 -0500"},"done":true},"minecraft:recipes/building_blocks/orange_concrete_powder":{"criteria":{"has_sand":"2024-09-30 23:46:30 -0500"},"done":true},"minecraft:recipes/building_blocks/red_concrete_powder":{"criteria":{"has_sand":"2024-09-30 23:46:30 -0500"},"done":true},"minecraft:recipes/building_blocks/magenta_concrete_powder":{"criteria":{"has_sand":"2024-09-30 23:46:30 -0500"},"done":true},"minecraft:recipes/building_blocks/brown_concrete_powder":{"criteria":{"has_sand":"2024-09-30 23:46:30 -0500"},"done":true},"minecraft:recipes/building_blocks/light_blue_concrete_powder":{"criteria":{"has_sand":"2024-09-30 23:46:30 -0500"},"done":true},"minecraft:recipes/building_blocks/glass":{"criteria":{"has_smelts_to_glass":"2024-09-30 23:46:30 -0500"},"done":true},"minecraft:recipes/building_blocks/green_concrete_powder":{"criteria":{"has_sand":"2024-09-30 23:46:30 -0500"},"done":true},"minecraft:recipes/building_blocks/blue_concrete_powder":{"criteria":{"has_sand":"2024-09-30 23:46:30 -0500"},"done":true},"minecraft:recipes/building_blocks/yellow_concrete_powder":{"criteria":{"has_sand":"2024-09-30 23:46:30 -0500"},"done":true},"minecraft:recipes/building_blocks/sandstone":{"criteria":{"has_sand":"2024-09-30 23:46:30 -0500"},"done":true},"minecraft:recipes/building_blocks/white_concrete_powder":{"criteria":{"has_sand":"2024-09-30 23:46:30 -0500"},"done":true},"minecraft:recipes/building_blocks/gray_concrete_powder":{"criteria":{"has_sand":"2024-09-30 23:46:30 -0500"},"done":true},"minecraft:recipes/building_blocks/black_concrete_powder":{"criteria":{"has_sand":"2024-09-30 23:46:30 -0500"},"done":true},"minecraft:recipes/building_blocks/purple_concrete_powder":{"criteria":{"has_sand":"2024-09-30 23:46:30 -0500"},"done":true},"minecraft:recipes/building_blocks/cyan_concrete_powder":{"criteria":{"has_sand":"2024-09-30 23:46:30 -0500"},"done":true},"minecraft:story/shiny_gear":{"criteria":{"diamond_helmet":"2024-10-06 04:29:19 -0500"},"done":true},"minecraft:recipes/food/baked_potato_from_campfire_cooking":{"criteria":{"has_potato":"2024-10-06 04:30:37 -0500"},"done":true},"minecraft:recipes/food/baked_potato_from_smoking":{"criteria":{"has_potato":"2024-10-06 04:30:37 -0500"},"done":true},"minecraft:recipes/food/baked_potato":{"criteria":{"has_potato":"2024-10-06 04:30:37 -0500"},"done":true},"minecraft:recipes/misc/gold_ingot_from_smelting_raw_gold":{"criteria":{"has_raw_gold":"2024-10-06 04:30:45 -0500"},"done":true},"minecraft:recipes/building_blocks/raw_gold_block":{"criteria":{"has_raw_gold":"2024-10-06 04:30:45 -0500"},"done":true},"minecraft:recipes/misc/gold_ingot_from_blasting_raw_gold":{"criteria":{"has_raw_gold":"2024-10-06 04:30:45 -0500"},"done":true},"minecraft:recipes/building_blocks/stripped_oak_wood":{"criteria":{"has_log":"2024-10-06 04:39:05 -0500"},"done":true},"minecraft:recipes/decorations/oak_hanging_sign":{"criteria":{"has_stripped_logs":"2024-10-06 04:39:05 -0500"},"done":true},"minecraft:adventure/kill_all_mobs":{"criteria":{"minecraft:skeleton":"2024-10-06 04:47:14 -0500","minecraft:spider":"2024-10-06 05:38:27 -0500","minecraft:zombie":"2024-10-06 04:52:14 -0500"},"done":false},"minecraft:adventure/kill_a_mob":{"criteria":{"minecraft:skeleton":"2024-10-06 04:47:14 -0500"},"done":true},"minecraft:recipes/misc/white_dye":{"criteria":{"has_bone_meal":"2024-10-06 04:49:35 -0500"},"done":true},"minecraft:recipes/building_blocks/bone_block":{"criteria":{"has_bone_meal":"2024-10-06 04:49:35 -0500"},"done":true},"minecraft:recipes/building_blocks/cherry_planks":{"criteria":{"has_log":"2024-10-06 04:55:58 -0500"},"done":true},"minecraft:recipes/building_blocks/cherry_wood":{"criteria":{"has_log":"2024-10-06 04:55:58 -0500"},"done":true},"minecraft:recipes/misc/coal_from_blasting_coal_ore":{"criteria":{"has_coal_ore":"2024-10-06 05:21:50 -0500"},"done":true},"minecraft:recipes/misc/coal_from_smelting_coal_ore":{"criteria":{"has_coal_ore":"2024-10-06 05:21:50 -0500"},"done":true},"minecraft:recipes/misc/pink_dye_from_pink_petals":{"criteria":{"has_pink_petals":"2024-10-06 05:30:13 -0500"},"done":true},"minecraft:recipes/combat/bow":{"criteria":{"has_string":"2024-10-06 05:38:50 -0500"},"done":true},"minecraft:recipes/tools/fishing_rod":{"criteria":{"has_string":"2024-10-06 05:38:50 -0500"},"done":true},"minecraft:recipes/building_blocks/white_wool_from_string":{"criteria":{"has_string":"2024-10-06 05:38:50 -0500"},"done":true},"minecraft:recipes/redstone/tripwire_hook":{"criteria":{"has_string":"2024-10-06 05:38:50 -0500"},"done":true},"minecraft:recipes/decorations/candle":{"criteria":{"has_string":"2024-10-06 05:38:50 -0500"},"done":true},"minecraft:recipes/decorations/loom":{"criteria":{"has_string":"2024-10-06 05:38:50 -0500"},"done":true},"minecraft:recipes/brewing/fermented_spider_eye":{"criteria":{"has_spider_eye":"2024-10-06 05:38:51 -0500"},"done":true},"minecraft:recipes/decorations/stone_brick_wall":{"criteria":{"has_stone_bricks":"2024-10-06 06:00:18 -0500"},"done":true},"minecraft:recipes/building_blocks/stone_brick_slab_from_stone_bricks_stonecutting":{"criteria":{"has_stone_bricks":"2024-10-06 06:00:18 -0500"},"done":true},"minecraft:recipes/building_blocks/cracked_stone_bricks":{"criteria":{"has_stone_bricks":"2024-10-06 06:00:18 -0500"},"done":true},"minecraft:recipes/building_blocks/stone_brick_stairs_from_stone_bricks_stonecutting":{"criteria":{"has_stone_bricks":"2024-10-06 06:00:18 -0500"},"done":true},"minecraft:recipes/building_blocks/stone_brick_slab":{"criteria":{"has_stone_bricks":"2024-10-06 06:00:18 -0500"},"done":true},"minecraft:recipes/building_blocks/stone_brick_stairs":{"criteria":{"has_stone_bricks":"2024-10-06 06:00:18 -0500"},"done":true},"minecraft:recipes/building_blocks/chiseled_stone_bricks_from_stone_bricks_stonecutting":{"criteria":{"has_stone_bricks":"2024-10-06 06:00:18 -0500"},"done":true},"minecraft:recipes/building_blocks/chiseled_stone_bricks":{"criteria":{"has_tag":"2024-10-06 06:00:18 -0500"},"done":true},"minecraft:recipes/decorations/stone_brick_wall_from_stone_bricks_stonecutting":{"criteria":{"has_stone_bricks":"2024-10-06 06:00:18 -0500"},"done":true},"minecraft:recipes/building_blocks/stripped_cherry_wood":{"criteria":{"has_log":"2024-10-06 06:04:05 -0500"},"done":true},"minecraft:recipes/decorations/cherry_hanging_sign":{"criteria":{"has_stripped_logs":"2024-10-06 06:04:05 -0500"},"done":true},"minecraft:recipes/food/cake":{"criteria":{"has_egg":"2024-10-06 06:31:51 -0500"},"done":true},"minecraft:recipes/food/cooked_salmon_from_smoking":{"criteria":{"has_salmon":"2024-10-06 07:36:29 -0500"},"done":true},"minecraft:recipes/decorations/light_gray_bed":{"criteria":{"has_light_gray_wool":"2024-10-06 07:24:38 -0500"},"done":true},"minecraft:recipes/food/cooked_salmon_from_campfire_cooking":{"criteria":{"has_salmon":"2024-10-06 07:36:29 -0500"},"done":true},"minecraft:recipes/food/cooked_salmon":{"criteria":{"has_salmon":"2024-10-06 07:36:29 -0500"},"done":true},"minecraft:recipes/decorations/light_gray_banner":{"criteria":{"has_light_gray_wool":"2024-10-06 07:24:38 -0500"},"done":true},"minecraft:recipes/decorations/light_gray_carpet":{"criteria":{"has_light_gray_wool":"2024-10-06 07:24:38 -0500"},"done":true},"minecraft:husbandry/complete_catalogue":{"criteria":{"minecraft:tabby":"2024-10-06 08:00:20 -0500","minecraft:calico":"2024-10-06 08:00:15 -0500","minecraft:siamese":"2024-10-06 07:57:05 -0500","minecraft:persian":"2024-10-06 07:47:47 -0500","minecraft:jellie":"2024-10-06 07:59:57 -0500","minecraft:all_black":"2024-10-06 07:59:14 -0500","minecraft:british_shorthair":"2024-10-06 07:57:54 -0500"},"done":false},"DataVersion":3955}