{"minecraft:recipes/decorations/crafting_table":{"criteria":{"unlock_right_away":"2024-09-18 17:20:59 -0500"},"done":true},"minecraft:adventure/adventuring_time":{"criteria":{"minecraft:cold_ocean":"2024-09-18 17:39:50 -0500","minecraft:forest":"2024-09-18 17:46:41 -0500","minecraft:taiga":"2024-09-18 17:41:08 -0500","minecraft:deep_ocean":"2024-09-30 21:47:58 -0500","minecraft:deep_cold_ocean":"2024-09-18 17:36:25 -0500","minecraft:frozen_ocean":"2024-09-18 17:41:42 -0500","minecraft:desert":"2024-09-18 17:49:02 -0500","minecraft:frozen_river":"2024-09-18 17:41:30 -0500","minecraft:deep_frozen_ocean":"2024-09-18 17:43:41 -0500","minecraft:ocean":"2024-09-18 17:35:54 -0500","minecraft:jungle":"2024-09-29 14:00:16 -0500","minecraft:cherry_grove":"2024-09-18 17:59:02 -0500","minecraft:sunflower_plains":"2024-09-18 18:11:51 -0500","minecraft:birch_forest":"2024-09-29 14:00:20 -0500","minecraft:old_growth_spruce_taiga":"2024-09-18 17:40:31 -0500","minecraft:snowy_beach":"2024-09-18 17:41:34 -0500","minecraft:flower_forest":"2024-09-18 17:33:51 -0500","minecraft:beach":"2024-09-18 17:33:44 -0500","minecraft:sparse_jungle":"2024-09-18 17:52:39 -0500","minecraft:river":"2024-09-18 17:35:52 -0500","minecraft:lukewarm_ocean":"2024-09-18 17:57:53 -0500","minecraft:stony_shore":"2024-09-18 17:44:08 -0500","minecraft:snowy_plains":"2024-09-18 17:41:23 -0500","minecraft:snowy_taiga":"2024-09-18 17:41:12 -0500","minecraft:savanna":"2024-09-18 17:53:30 -0500","minecraft:plains":"2024-09-18 17:21:00 -0500"},"done":false},"minecraft:recipes/transportation/mangrove_boat":{"criteria":{"in_water":"2024-09-18 17:21:07 -0500"},"done":true},"minecraft:recipes/transportation/acacia_boat":{"criteria":{"in_water":"2024-09-18 17:21:07 -0500"},"done":true},"minecraft:recipes/transportation/cherry_boat":{"criteria":{"in_water":"2024-09-18 17:21:07 -0500"},"done":true},"minecraft:recipes/transportation/bamboo_raft":{"criteria":{"in_water":"2024-09-18 17:21:07 -0500"},"done":true},"minecraft:recipes/transportation/spruce_boat":{"criteria":{"in_water":"2024-09-18 17:21:07 -0500"},"done":true},"minecraft:recipes/transportation/birch_boat":{"criteria":{"in_water":"2024-09-18 17:21:07 -0500"},"done":true},"minecraft:recipes/transportation/oak_boat":{"criteria":{"in_water":"2024-09-18 17:21:07 -0500"},"done":true},"minecraft:recipes/transportation/jungle_boat":{"criteria":{"in_water":"2024-09-18 17:21:07 -0500"},"done":true},"minecraft:recipes/transportation/dark_oak_boat":{"criteria":{"in_water":"2024-09-18 17:21:07 -0500"},"done":true},"minecraft:adventure/root":{"criteria":{"killed_by_something":"2024-09-18 17:31:48 -0500"},"done":true},"minecraft:adventure/kill_all_mobs":{"criteria":{"minecraft:skeleton":"2024-09-18 17:32:22 -0500","minecraft:phantom":"2024-10-02 20:58:04 -0500","minecraft:zombified_piglin":"2024-09-30 21:05:55 -0500","minecraft:enderman":"2024-09-30 19:36:30 -0500","minecraft:spider":"2024-09-29 15:15:19 -0500","minecraft:zombie":"2024-09-22 17:10:25 -0500","minecraft:creeper":"2024-09-18 19:11:03 -0500","minecraft:drowned":"2024-09-28 01:58:30 -0500","minecraft:zombie_villager":"2024-10-06 07:20:11 -0500"},"done":false},"minecraft:adventure/kill_a_mob":{"criteria":{"minecraft:skeleton":"2024-09-18 17:32:22 -0500"},"done":true},"minecraft:recipes/building_blocks/smooth_quartz_slab_from_smooth_quartz_stonecutting":{"criteria":{"has_smooth_quartz":"2024-09-18 18:21:24 -0500"},"done":true},"minecraft:recipes/building_blocks/smooth_quartz_slab":{"criteria":{"has_smooth_quartz":"2024-09-18 18:21:24 -0500"},"done":true},"minecraft:recipes/building_blocks/smooth_quartz_stairs":{"criteria":{"has_smooth_quartz":"2024-09-18 18:21:24 -0500"},"done":true},"minecraft:recipes/building_blocks/smooth_quartz_stairs_from_smooth_quartz_stonecutting":{"criteria":{"has_smooth_quartz":"2024-09-18 18:21:24 -0500"},"done":true},"minecraft:recipes/decorations/white_stained_glass_pane":{"criteria":{"has_glass":"2024-09-18 18:23:04 -0500"},"done":true},"minecraft:recipes/brewing/cauldron":{"criteria":{"has_water_bucket":"2024-09-18 18:23:15 -0500"},"done":true},"minecraft:recipes/misc/stick_from_bamboo_item":{"criteria":{"has_bamboo":"2024-09-18 18:23:24 -0500"},"done":true},"minecraft:recipes/building_blocks/bamboo_block":{"criteria":{"has_bamboo":"2024-09-18 18:23:24 -0500"},"done":true},"minecraft:recipes/decorations/scaffolding":{"criteria":{"has_bamboo":"2024-09-18 18:23:24 -0500"},"done":true},"minecraft:recipes/decorations/chest":{"criteria":{"has_lots_of_items":"2024-09-18 18:25:02 -0500"},"done":true},"minecraft:recipes/decorations/moss_carpet":{"criteria":{"has_moss_block":"2024-09-18 18:25:40 -0500"},"done":true},"minecraft:recipes/building_blocks/mossy_cobblestone_from_moss_block":{"criteria":{"has_moss_block":"2024-09-18 18:25:40 -0500"},"done":true},"minecraft:recipes/building_blocks/mossy_stone_bricks_from_moss_block":{"criteria":{"has_moss_block":"2024-09-18 18:25:40 -0500"},"done":true},"minecraft:recipes/building_blocks/stone_bricks":{"criteria":{"has_stone":"2024-09-18 18:25:55 -0500"},"done":true},"minecraft:recipes/building_blocks/stone_brick_slab_from_stone_stonecutting":{"criteria":{"has_stone":"2024-09-18 18:25:55 -0500"},"done":true},"minecraft:recipes/building_blocks/stone_brick_stairs_from_stone_stonecutting":{"criteria":{"has_stone":"2024-09-18 18:25:55 -0500"},"done":true},"minecraft:recipes/building_blocks/stone_slab_from_stone_stonecutting":{"criteria":{"has_stone":"2024-09-18 18:25:55 -0500"},"done":true},"minecraft:recipes/building_blocks/stone_bricks_from_stone_stonecutting":{"criteria":{"has_stone":"2024-09-18 18:25:55 -0500"},"done":true},"minecraft:recipes/building_blocks/stone_slab":{"criteria":{"has_stone":"2024-09-18 18:25:55 -0500"},"done":true},"minecraft:recipes/building_blocks/chiseled_stone_bricks_stone_from_stonecutting":{"criteria":{"has_stone":"2024-09-18 18:25:55 -0500"},"done":true},"minecraft:recipes/building_blocks/stone_stairs_from_stone_stonecutting":{"criteria":{"has_stone":"2024-09-18 18:25:55 -0500"},"done":true},"minecraft:recipes/redstone/stone_button":{"criteria":{"has_stone":"2024-09-18 18:25:55 -0500"},"done":true},"minecraft:recipes/decorations/stonecutter":{"criteria":{"has_stone":"2024-09-18 18:25:55 -0500"},"done":true},"minecraft:recipes/redstone/stone_pressure_plate":{"criteria":{"has_stone":"2024-09-18 18:25:55 -0500"},"done":true},"minecraft:recipes/building_blocks/smooth_stone":{"criteria":{"has_stone":"2024-09-18 18:25:55 -0500"},"done":true},"minecraft:recipes/decorations/stone_brick_walls_from_stone_stonecutting":{"criteria":{"has_stone":"2024-09-18 18:25:55 -0500"},"done":true},"minecraft:recipes/building_blocks/stone_stairs":{"criteria":{"has_stone":"2024-09-18 18:25:55 -0500"},"done":true},"minecraft:recipes/building_blocks/blackstone_stairs":{"criteria":{"has_blackstone":"2024-09-18 18:32:02 -0500"},"done":true},"minecraft:recipes/building_blocks/blackstone_slab_from_blackstone_stonecutting":{"criteria":{"has_blackstone":"2024-09-18 18:32:02 -0500"},"done":true},"minecraft:recipes/decorations/polished_blackstone_brick_wall_from_blackstone_stonecutting":{"criteria":{"has_blackstone":"2024-09-18 18:32:02 -0500"},"done":true},"minecraft:recipes/building_blocks/polished_blackstone_slab_from_blackstone_stonecutting":{"criteria":{"has_blackstone":"2024-09-18 18:32:02 -0500"},"done":true},"minecraft:recipes/combat/stone_sword":{"criteria":{"has_cobblestone":"2024-09-18 18:32:02 -0500"},"done":true},"minecraft:recipes/tools/stone_pickaxe":{"criteria":{"has_cobblestone":"2024-09-18 18:32:02 -0500"},"done":true},"minecraft:recipes/tools/stone_axe":{"criteria":{"has_cobblestone":"2024-09-18 18:32:02 -0500"},"done":true},"minecraft:story/mine_stone":{"criteria":{"get_stone":"2024-09-18 18:32:02 -0500"},"done":true},"minecraft:recipes/decorations/furnace":{"criteria":{"has_cobblestone":"2024-09-18 18:32:02 -0500"},"done":true},"minecraft:recipes/building_blocks/polished_blackstone":{"criteria":{"has_blackstone":"2024-09-18 18:32:02 -0500"},"done":true},"minecraft:recipes/decorations/blackstone_wall":{"criteria":{"has_blackstone":"2024-09-18 18:32:02 -0500"},"done":true},"minecraft:recipes/building_blocks/blackstone_slab":{"criteria":{"has_blackstone":"2024-09-18 18:32:02 -0500"},"done":true},"minecraft:recipes/building_blocks/polished_blackstone_brick_slab_from_blackstone_stonecutting":{"criteria":{"has_blackstone":"2024-09-18 18:32:02 -0500"},"done":true},"minecraft:recipes/building_blocks/polished_blackstone_from_blackstone_stonecutting":{"criteria":{"has_blackstone":"2024-09-18 18:32:02 -0500"},"done":true},"minecraft:recipes/building_blocks/polished_blackstone_brick_stairs_from_blackstone_stonecutting":{"criteria":{"has_blackstone":"2024-09-18 18:32:02 -0500"},"done":true},"minecraft:recipes/building_blocks/polished_blackstone_bricks_from_blackstone_stonecutting":{"criteria":{"has_blackstone":"2024-09-18 18:32:02 -0500"},"done":true},"minecraft:recipes/decorations/blackstone_wall_from_blackstone_stonecutting":{"criteria":{"has_blackstone":"2024-09-18 18:32:02 -0500"},"done":true},"minecraft:recipes/building_blocks/polished_blackstone_stairs_from_blackstone_stonecutting":{"criteria":{"has_blackstone":"2024-09-18 18:32:02 -0500"},"done":true},"minecraft:recipes/tools/stone_hoe":{"criteria":{"has_cobblestone":"2024-09-18 18:32:02 -0500"},"done":true},"minecraft:recipes/tools/stone_shovel":{"criteria":{"has_cobblestone":"2024-09-18 18:32:02 -0500"},"done":true},"minecraft:recipes/decorations/polished_blackstone_wall_from_blackstone_stonecutting":{"criteria":{"has_blackstone":"2024-09-18 18:32:02 -0500"},"done":true},"minecraft:recipes/building_blocks/chiseled_polished_blackstone_from_blackstone_stonecutting":{"criteria":{"has_blackstone":"2024-09-18 18:32:02 -0500"},"done":true},"minecraft:recipes/building_blocks/blackstone_stairs_from_blackstone_stonecutting":{"criteria":{"has_blackstone":"2024-09-18 18:32:02 -0500"},"done":true},"minecraft:recipes/misc/yellow_dye_from_dandelion":{"criteria":{"has_dandelion":"2024-09-18 18:39:21 -0500"},"done":true},"minecraft:recipes/misc/bone_meal":{"criteria":{"has_bone":"2024-09-18 18:45:45 -0500"},"done":true},"minecraft:recipes/decorations/gray_stained_glass_pane":{"criteria":{"has_glass":"2024-09-18 19:28:00 -0500"},"done":true},"minecraft:recipes/combat/bow":{"criteria":{"has_string":"2024-09-22 16:31:54 -0500"},"done":true},"minecraft:recipes/tools/fishing_rod":{"criteria":{"has_string":"2024-09-22 16:31:54 -0500"},"done":true},"minecraft:recipes/building_blocks/white_wool_from_string":{"criteria":{"has_string":"2024-09-22 16:31:54 -0500"},"done":true},"minecraft:recipes/redstone/tripwire_hook":{"criteria":{"has_string":"2024-09-22 16:31:54 -0500"},"done":true},"minecraft:recipes/combat/crossbow":{"criteria":{"has_string":"2024-09-22 16:31:54 -0500"},"done":true},"minecraft:recipes/decorations/candle":{"criteria":{"has_string":"2024-09-22 16:31:54 -0500"},"done":true},"minecraft:recipes/decorations/loom":{"criteria":{"has_string":"2024-09-22 16:31:54 -0500"},"done":true},"minecraft:recipes/misc/white_dye":{"criteria":{"has_bone_meal":"2024-09-22 16:32:09 -0500"},"done":true},"minecraft:recipes/building_blocks/bone_block":{"criteria":{"has_bone_meal":"2024-09-22 16:32:09 -0500"},"done":true},"minecraft:recipes/building_blocks/packed_ice":{"criteria":{"has_ice":"2024-09-22 17:03:51 -0500"},"done":true},"minecraft:recipes/misc/iron_nugget_from_smelting":{"criteria":{"has_iron_pickaxe":"2024-09-22 17:04:15 -0500"},"done":true},"minecraft:story/iron_tools":{"criteria":{"iron_pickaxe":"2024-09-22 17:04:15 -0500"},"done":true},"minecraft:recipes/misc/iron_nugget_from_blasting":{"criteria":{"has_iron_pickaxe":"2024-09-22 17:04:15 -0500"},"done":true},"minecraft:recipes/building_blocks/blue_ice":{"criteria":{"has_packed_ice":"2024-09-22 17:04:36 -0500"},"done":true},"minecraft:adventure/minecraft_trials_edition":{"criteria":{"minecraft_trials_edition":"2024-09-27 01:27:53 -0500"},"done":true},"minecraft:story/obtain_armor":{"criteria":{"iron_leggings":"2024-09-27 01:36:19 -0500"},"done":true},"minecraft:recipes/misc/flower_banner_pattern":{"criteria":{"has_oxeye_daisy":"2024-09-27 01:36:21 -0500"},"done":true},"minecraft:recipes/misc/pink_dye_from_pink_tulip":{"criteria":{"has_pink_tulip":"2024-09-27 01:36:21 -0500"},"done":true},"minecraft:recipes/misc/orange_dye_from_orange_tulip":{"criteria":{"has_orange_tulip":"2024-09-27 01:36:21 -0500"},"done":true},"minecraft:recipes/misc/light_gray_dye_from_oxeye_daisy":{"criteria":{"has_oxeye_daisy":"2024-09-27 01:36:21 -0500"},"done":true},"minecraft:recipes/misc/light_gray_dye_from_white_tulip":{"criteria":{"has_white_tulip":"2024-09-27 01:36:22 -0500"},"done":true},"minecraft:recipes/misc/charcoal":{"criteria":{"has_log":"2024-09-27 01:36:32 -0500"},"done":true},"minecraft:recipes/building_blocks/oak_planks":{"criteria":{"has_logs":"2024-09-27 01:36:32 -0500"},"done":true},"minecraft:recipes/building_blocks/oak_wood":{"criteria":{"has_log":"2024-09-27 01:36:32 -0500"},"done":true},"minecraft:recipes/redstone/dispenser":{"criteria":{"has_bow":"2024-09-27 01:40:28 -0500"},"done":true},"minecraft:adventure/shoot_arrow":{"criteria":{"shot_arrow":"2024-09-27 01:40:36 -0500"},"done":true},"minecraft:recipes/misc/sugar_from_sugar_cane":{"criteria":{"has_sugar_cane":"2024-09-27 01:41:55 -0500"},"done":true},"minecraft:recipes/misc/paper":{"criteria":{"has_reeds":"2024-09-27 01:41:55 -0500"},"done":true},"minecraft:recipes/building_blocks/lime_concrete_powder":{"criteria":{"has_sand":"2024-09-27 01:42:00 -0500"},"done":true},"minecraft:recipes/building_blocks/light_gray_concrete_powder":{"criteria":{"has_sand":"2024-09-27 01:42:00 -0500"},"done":true},"minecraft:recipes/building_blocks/pink_concrete_powder":{"criteria":{"has_sand":"2024-09-27 01:42:00 -0500"},"done":true},"minecraft:recipes/building_blocks/orange_concrete_powder":{"criteria":{"has_sand":"2024-09-27 01:42:00 -0500"},"done":true},"minecraft:recipes/building_blocks/red_concrete_powder":{"criteria":{"has_sand":"2024-09-27 01:42:00 -0500"},"done":true},"minecraft:recipes/building_blocks/magenta_concrete_powder":{"criteria":{"has_sand":"2024-09-27 01:42:00 -0500"},"done":true},"minecraft:recipes/building_blocks/brown_concrete_powder":{"criteria":{"has_sand":"2024-09-27 01:42:00 -0500"},"done":true},"minecraft:recipes/building_blocks/light_blue_concrete_powder":{"criteria":{"has_sand":"2024-09-27 01:42:00 -0500"},"done":true},"minecraft:recipes/building_blocks/glass":{"criteria":{"has_smelts_to_glass":"2024-09-27 01:42:00 -0500"},"done":true},"minecraft:recipes/building_blocks/green_concrete_powder":{"criteria":{"has_sand":"2024-09-27 01:42:00 -0500"},"done":true},"minecraft:recipes/building_blocks/blue_concrete_powder":{"criteria":{"has_sand":"2024-09-27 01:42:00 -0500"},"done":true},"minecraft:recipes/building_blocks/yellow_concrete_powder":{"criteria":{"has_sand":"2024-09-27 01:42:00 -0500"},"done":true},"minecraft:recipes/building_blocks/sandstone":{"criteria":{"has_sand":"2024-09-27 01:42:00 -0500"},"done":true},"minecraft:recipes/building_blocks/white_concrete_powder":{"criteria":{"has_sand":"2024-09-27 01:42:00 -0500"},"done":true},"minecraft:recipes/building_blocks/gray_concrete_powder":{"criteria":{"has_sand":"2024-09-27 01:42:00 -0500"},"done":true},"minecraft:recipes/building_blocks/black_concrete_powder":{"criteria":{"has_sand":"2024-09-27 01:42:00 -0500"},"done":true},"minecraft:recipes/building_blocks/purple_concrete_powder":{"criteria":{"has_sand":"2024-09-27 01:42:00 -0500"},"done":true},"minecraft:recipes/building_blocks/cyan_concrete_powder":{"criteria":{"has_sand":"2024-09-27 01:42:00 -0500"},"done":true},"minecraft:story/root":{"criteria":{"crafting_table":"2024-09-27 01:42:00 -0500"},"done":true},"minecraft:recipes/decorations/campfire":{"criteria":{"has_coal":"2024-09-27 01:42:02 -0500"},"done":true},"minecraft:recipes/building_blocks/coal_block":{"criteria":{"has_coal":"2024-09-27 01:42:02 -0500"},"done":true},"minecraft:recipes/misc/iron_ingot_from_smelting_raw_iron":{"criteria":{"has_raw_iron":"2024-09-27 01:42:04 -0500"},"done":true},"minecraft:recipes/building_blocks/raw_iron_block":{"criteria":{"has_raw_iron":"2024-09-27 01:42:04 -0500"},"done":true},"minecraft:recipes/misc/iron_ingot_from_blasting_raw_iron":{"criteria":{"has_raw_iron":"2024-09-27 01:42:04 -0500"},"done":true},"minecraft:recipes/redstone/lever":{"criteria":{"has_cobblestone":"2024-09-27 01:42:06 -0500"},"done":true},"minecraft:recipes/decorations/cobblestone_wall":{"criteria":{"has_cobblestone":"2024-09-27 01:42:06 -0500"},"done":true},"minecraft:recipes/building_blocks/cobblestone_slab":{"criteria":{"has_cobblestone":"2024-09-27 01:42:06 -0500"},"done":true},"minecraft:recipes/building_blocks/cobblestone_slab_from_cobblestone_stonecutting":{"criteria":{"has_cobblestone":"2024-09-27 01:42:06 -0500"},"done":true},"minecraft:recipes/building_blocks/stone":{"criteria":{"has_cobblestone":"2024-09-27 01:42:06 -0500"},"done":true},"minecraft:recipes/decorations/cobblestone_wall_from_cobblestone_stonecutting":{"criteria":{"has_cobblestone":"2024-09-27 01:42:06 -0500"},"done":true},"minecraft:recipes/building_blocks/cobblestone_stairs_from_cobblestone_stonecutting":{"criteria":{"has_cobblestone":"2024-09-27 01:42:06 -0500"},"done":true},"minecraft:recipes/building_blocks/cobblestone_stairs":{"criteria":{"has_cobblestone":"2024-09-27 01:42:06 -0500"},"done":true},"minecraft:recipes/decorations/ladder":{"criteria":{"has_stick":"2024-09-27 01:42:08 -0500"},"done":true},"minecraft:recipes/building_blocks/oak_slab":{"criteria":{"has_planks":"2024-09-27 01:42:08 -0500"},"done":true},"minecraft:recipes/decorations/oak_sign":{"criteria":{"has_planks":"2024-09-27 01:42:08 -0500"},"done":true},"minecraft:recipes/redstone/oak_trapdoor":{"criteria":{"has_planks":"2024-09-27 01:42:08 -0500"},"done":true},"minecraft:recipes/tools/wooden_hoe":{"criteria":{"has_stick":"2024-09-27 01:42:08 -0500"},"done":true},"minecraft:recipes/redstone/oak_fence_gate":{"criteria":{"has_planks":"2024-09-27 01:42:08 -0500"},"done":true},"minecraft:recipes/tools/wooden_pickaxe":{"criteria":{"has_stick":"2024-09-27 01:42:08 -0500"},"done":true},"minecraft:recipes/tools/wooden_axe":{"criteria":{"has_stick":"2024-09-27 01:42:08 -0500"},"done":true},"minecraft:recipes/redstone/oak_pressure_plate":{"criteria":{"has_planks":"2024-09-27 01:42:08 -0500"},"done":true},"minecraft:recipes/redstone/oak_door":{"criteria":{"has_planks":"2024-09-27 01:42:08 -0500"},"done":true},"minecraft:recipes/tools/wooden_shovel":{"criteria":{"has_stick":"2024-09-27 01:42:08 -0500"},"done":true},"minecraft:recipes/misc/stick":{"criteria":{"has_planks":"2024-09-27 01:42:08 -0500"},"done":true},"minecraft:recipes/building_blocks/oak_stairs":{"criteria":{"has_planks":"2024-09-27 01:42:08 -0500"},"done":true},"minecraft:recipes/decorations/oak_fence":{"criteria":{"has_planks":"2024-09-27 01:42:08 -0500"},"done":true},"minecraft:recipes/combat/wooden_sword":{"criteria":{"has_stick":"2024-09-27 01:42:08 -0500"},"done":true},"minecraft:recipes/decorations/barrel":{"criteria":{"has_planks":"2024-09-27 01:42:08 -0500"},"done":true},"minecraft:recipes/redstone/oak_button":{"criteria":{"has_planks":"2024-09-27 01:42:08 -0500"},"done":true},"minecraft:recipes/decorations/smoker":{"criteria":{"has_furnace":"2024-09-27 01:54:34 -0500"},"done":true},"minecraft:adventure/sleep_in_bed":{"criteria":{"slept_in_bed":"2024-09-27 01:54:44 -0500"},"done":true},"minecraft:recipes/building_blocks/andesite_stairs_from_andesite_stonecutting":{"criteria":{"has_andesite":"2024-09-27 02:01:20 -0500"},"done":true},"minecraft:recipes/building_blocks/andesite_stairs":{"criteria":{"has_andesite":"2024-09-27 02:01:20 -0500"},"done":true},"minecraft:recipes/building_blocks/polished_andesite_from_andesite_stonecutting":{"criteria":{"has_andesite":"2024-09-27 02:01:20 -0500"},"done":true},"minecraft:recipes/building_blocks/polished_andesite":{"criteria":{"has_andesite":"2024-09-27 02:01:20 -0500"},"done":true},"minecraft:recipes/decorations/andesite_wall_from_andesite_stonecutting":{"criteria":{"has_andesite":"2024-09-27 02:01:20 -0500"},"done":true},"minecraft:recipes/building_blocks/polished_andesite_slab_from_andesite_stonecutting":{"criteria":{"has_andesite":"2024-09-27 02:01:20 -0500"},"done":true},"minecraft:recipes/decorations/andesite_wall":{"criteria":{"has_andesite":"2024-09-27 02:01:20 -0500"},"done":true},"minecraft:recipes/building_blocks/andesite_slab":{"criteria":{"has_andesite":"2024-09-27 02:01:20 -0500"},"done":true},"minecraft:recipes/building_blocks/polished_andesite_stairs_from_andesite_stonecutting":{"criteria":{"has_andesite":"2024-09-27 02:01:20 -0500"},"done":true},"minecraft:recipes/building_blocks/andesite_slab_from_andesite_stonecutting":{"criteria":{"has_andesite":"2024-09-27 02:01:20 -0500"},"done":true},"minecraft:recipes/redstone/redstone_lamp":{"criteria":{"has_glowstone":"2024-09-27 02:25:01 -0500"},"done":true},"minecraft:recipes/building_blocks/red_stained_glass":{"criteria":{"has_glass":"2024-09-27 02:41:36 -0500"},"done":true},"minecraft:recipes/building_blocks/light_blue_stained_glass":{"criteria":{"has_glass":"2024-09-27 02:41:36 -0500"},"done":true},"minecraft:recipes/brewing/glass_bottle":{"criteria":{"has_glass":"2024-09-27 02:41:36 -0500"},"done":true},"minecraft:recipes/building_blocks/green_stained_glass":{"criteria":{"has_glass":"2024-09-27 02:41:36 -0500"},"done":true},"minecraft:recipes/building_blocks/brown_stained_glass":{"criteria":{"has_glass":"2024-09-27 02:41:36 -0500"},"done":true},"minecraft:recipes/building_blocks/light_gray_stained_glass":{"criteria":{"has_glass":"2024-09-27 02:41:36 -0500"},"done":true},"minecraft:recipes/building_blocks/blue_stained_glass":{"criteria":{"has_glass":"2024-09-27 02:41:36 -0500"},"done":true},"minecraft:recipes/building_blocks/orange_stained_glass":{"criteria":{"has_glass":"2024-09-27 02:41:36 -0500"},"done":true},"minecraft:recipes/building_blocks/cyan_stained_glass":{"criteria":{"has_glass":"2024-09-27 02:41:36 -0500"},"done":true},"minecraft:recipes/building_blocks/pink_stained_glass":{"criteria":{"has_glass":"2024-09-27 02:41:36 -0500"},"done":true},"minecraft:recipes/building_blocks/black_stained_glass":{"criteria":{"has_glass":"2024-09-27 02:41:36 -0500"},"done":true},"minecraft:recipes/building_blocks/gray_stained_glass":{"criteria":{"has_glass":"2024-09-27 02:41:36 -0500"},"done":true},"minecraft:recipes/building_blocks/purple_stained_glass":{"criteria":{"has_glass":"2024-09-27 02:41:36 -0500"},"done":true},"minecraft:recipes/building_blocks/yellow_stained_glass":{"criteria":{"has_glass":"2024-09-27 02:41:36 -0500"},"done":true},"minecraft:recipes/building_blocks/lime_stained_glass":{"criteria":{"has_glass":"2024-09-27 02:41:36 -0500"},"done":true},"minecraft:recipes/decorations/glass_pane":{"criteria":{"has_glass":"2024-09-27 02:41:36 -0500"},"done":true},"minecraft:recipes/building_blocks/magenta_stained_glass":{"criteria":{"has_glass":"2024-09-27 02:41:36 -0500"},"done":true},"minecraft:recipes/building_blocks/white_stained_glass":{"criteria":{"has_glass":"2024-09-27 02:41:36 -0500"},"done":true},"minecraft:recipes/food/dried_kelp_from_smoking":{"criteria":{"has_kelp":"2024-09-27 02:42:13 -0500"},"done":true},"minecraft:recipes/food/dried_kelp_from_smelting":{"criteria":{"has_kelp":"2024-09-27 02:42:13 -0500"},"done":true},"minecraft:recipes/food/dried_kelp_from_campfire_cooking":{"criteria":{"has_kelp":"2024-09-27 02:42:13 -0500"},"done":true},"minecraft:recipes/tools/flint_and_steel":{"criteria":{"has_obsidian":"2024-09-27 02:59:31 -0500"},"done":true},"minecraft:story/form_obsidian":{"criteria":{"obsidian":"2024-09-27 02:59:31 -0500"},"done":true},"minecraft:recipes/decorations/enchanting_table":{"criteria":{"has_obsidian":"2024-09-27 02:59:31 -0500"},"done":true},"minecraft:recipes/decorations/torch":{"criteria":{"has_stone_pickaxe":"2024-09-27 03:02:29 -0500"},"done":true},"minecraft:recipes/food/cake":{"criteria":{"has_egg":"2024-09-27 03:02:29 -0500"},"done":true},"minecraft:recipes/food/cooked_porkchop":{"criteria":{"has_porkchop":"2024-09-27 03:02:29 -0500"},"done":true},"minecraft:story/upgrade_tools":{"criteria":{"stone_pickaxe":"2024-09-27 03:02:29 -0500"},"done":true},"minecraft:recipes/food/cooked_porkchop_from_campfire_cooking":{"criteria":{"has_porkchop":"2024-09-27 03:02:29 -0500"},"done":true},"minecraft:recipes/food/cooked_porkchop_from_smoking":{"criteria":{"has_porkchop":"2024-09-27 03:02:29 -0500"},"done":true},"minecraft:recipes/building_blocks/birch_planks":{"criteria":{"has_logs":"2024-09-27 03:02:31 -0500"},"done":true},"minecraft:recipes/combat/arrow":{"criteria":{"has_feather":"2024-09-27 03:02:31 -0500"},"done":true},"minecraft:recipes/misc/yellow_dye_from_sunflower":{"criteria":{"has_sunflower":"2024-09-27 03:02:31 -0500"},"done":true},"minecraft:recipes/building_blocks/birch_wood":{"criteria":{"has_log":"2024-09-27 03:02:31 -0500"},"done":true},"minecraft:recipes/combat/leather_helmet":{"criteria":{"has_leather":"2024-09-28 00:50:36 -0500"},"done":true},"minecraft:recipes/combat/leather_leggings":{"criteria":{"has_leather":"2024-09-28 00:50:36 -0500"},"done":true},"minecraft:recipes/decorations/item_frame":{"criteria":{"has_leather":"2024-09-28 00:50:36 -0500"},"done":true},"minecraft:recipes/combat/leather_chestplate":{"criteria":{"has_leather":"2024-09-28 00:50:36 -0500"},"done":true},"minecraft:recipes/combat/leather_boots":{"criteria":{"has_leather":"2024-09-28 00:50:36 -0500"},"done":true},"minecraft:recipes/misc/leather_horse_armor":{"criteria":{"has_leather":"2024-09-28 00:50:36 -0500"},"done":true},"minecraft:recipes/decorations/grindstone":{"criteria":{"has_stone_slab":"2024-09-28 02:00:24 -0500"},"done":true},"minecraft:recipes/misc/magenta_dye_from_lilac":{"criteria":{"has_lilac":"2024-09-29 14:13:07 -0500"},"done":true},"minecraft:recipes/redstone/spruce_button":{"criteria":{"has_planks":"2024-09-29 14:13:07 -0500"},"done":true},"minecraft:recipes/building_blocks/spruce_planks":{"criteria":{"has_logs":"2024-09-29 14:13:07 -0500"},"done":true},"minecraft:recipes/redstone/spruce_pressure_plate":{"criteria":{"has_planks":"2024-09-29 14:13:07 -0500"},"done":true},"minecraft:recipes/misc/book":{"criteria":{"has_paper":"2024-09-29 14:13:07 -0500"},"done":true},"minecraft:recipes/decorations/white_glazed_terracotta":{"criteria":{"has_white_terracotta":"2024-09-29 14:13:07 -0500"},"done":true},"minecraft:recipes/decorations/spruce_sign":{"criteria":{"has_planks":"2024-09-29 14:13:07 -0500"},"done":true},"minecraft:recipes/redstone/spruce_trapdoor":{"criteria":{"has_planks":"2024-09-29 14:13:07 -0500"},"done":true},"minecraft:recipes/redstone/spruce_door":{"criteria":{"has_planks":"2024-09-29 14:13:07 -0500"},"done":true},"minecraft:recipes/redstone/spruce_fence_gate":{"criteria":{"has_planks":"2024-09-29 14:13:07 -0500"},"done":true},"minecraft:recipes/misc/pumpkin_seeds":{"criteria":{"has_pumpkin":"2024-09-29 14:13:07 -0500"},"done":true},"minecraft:recipes/building_blocks/spruce_wood":{"criteria":{"has_log":"2024-09-29 14:13:07 -0500"},"done":true},"minecraft:recipes/decorations/cartography_table":{"criteria":{"has_paper":"2024-09-29 14:13:07 -0500"},"done":true},"minecraft:recipes/decorations/spruce_fence":{"criteria":{"has_planks":"2024-09-29 14:13:07 -0500"},"done":true},"minecraft:recipes/building_blocks/spruce_stairs":{"criteria":{"has_planks":"2024-09-29 14:13:07 -0500"},"done":true},"minecraft:recipes/building_blocks/spruce_slab":{"criteria":{"has_planks":"2024-09-29 14:13:07 -0500"},"done":true},"minecraft:recipes/food/pumpkin_pie":{"criteria":{"has_pumpkin":"2024-09-29 14:13:07 -0500"},"done":true},"minecraft:recipes/combat/iron_sword":{"criteria":{"has_iron_ingot":"2024-09-29 14:13:20 -0500"},"done":true},"minecraft:recipes/tools/iron_pickaxe":{"criteria":{"has_iron_ingot":"2024-09-29 14:13:20 -0500"},"done":true},"minecraft:recipes/combat/iron_leggings":{"criteria":{"has_iron_ingot":"2024-09-29 14:13:20 -0500"},"done":true},"minecraft:recipes/combat/shield":{"criteria":{"has_iron_ingot":"2024-09-29 14:13:20 -0500"},"done":true},"minecraft:recipes/redstone/hopper":{"criteria":{"has_iron_ingot":"2024-09-29 14:13:20 -0500"},"done":true},"minecraft:recipes/decorations/iron_bars":{"criteria":{"has_iron_ingot":"2024-09-29 14:13:20 -0500"},"done":true},"minecraft:recipes/combat/iron_boots":{"criteria":{"has_iron_ingot":"2024-09-29 14:13:20 -0500"},"done":true},"minecraft:recipes/combat/iron_chestplate":{"criteria":{"has_iron_ingot":"2024-09-29 14:13:20 -0500"},"done":true},"minecraft:recipes/decorations/lantern":{"criteria":{"has_iron_ingot":"2024-09-29 14:13:20 -0500"},"done":true},"minecraft:recipes/misc/iron_nugget":{"criteria":{"has_iron_ingot":"2024-09-29 14:13:20 -0500"},"done":true},"minecraft:recipes/misc/bucket":{"criteria":{"has_iron_ingot":"2024-09-29 14:13:20 -0500"},"done":true},"minecraft:recipes/combat/iron_helmet":{"criteria":{"has_iron_ingot":"2024-09-29 14:13:20 -0500"},"done":true},"minecraft:recipes/transportation/minecart":{"criteria":{"has_iron_ingot":"2024-09-29 14:13:20 -0500"},"done":true},"minecraft:recipes/tools/iron_hoe":{"criteria":{"has_iron_ingot":"2024-09-29 14:13:20 -0500"},"done":true},"minecraft:recipes/tools/iron_shovel":{"criteria":{"has_iron_ingot":"2024-09-29 14:13:20 -0500"},"done":true},"minecraft:story/smelt_iron":{"criteria":{"iron":"2024-09-29 14:13:20 -0500"},"done":true},"minecraft:recipes/tools/shears":{"criteria":{"has_iron_ingot":"2024-09-29 14:13:20 -0500"},"done":true},"minecraft:recipes/redstone/iron_trapdoor":{"criteria":{"has_iron_ingot":"2024-09-29 14:13:20 -0500"},"done":true},"minecraft:recipes/decorations/chain":{"criteria":{"has_iron_ingot":"2024-09-29 14:13:20 -0500"},"done":true},"minecraft:recipes/building_blocks/iron_block":{"criteria":{"has_iron_ingot":"2024-09-29 14:13:20 -0500"},"done":true},"minecraft:recipes/tools/iron_axe":{"criteria":{"has_iron_ingot":"2024-09-29 14:13:20 -0500"},"done":true},"minecraft:recipes/decorations/smithing_table":{"criteria":{"has_iron_ingot":"2024-09-29 14:13:20 -0500"},"done":true},"minecraft:recipes/misc/pink_dye_from_peony":{"criteria":{"has_peony":"2024-09-29 14:13:20 -0500"},"done":true},"minecraft:recipes/redstone/iron_door":{"criteria":{"has_iron_ingot":"2024-09-29 14:13:20 -0500"},"done":true},"minecraft:recipes/redstone/heavy_weighted_pressure_plate":{"criteria":{"has_iron_ingot":"2024-09-29 14:13:20 -0500"},"done":true},"minecraft:recipes/food/baked_potato_from_campfire_cooking":{"criteria":{"has_potato":"2024-09-29 14:13:41 -0500"},"done":true},"minecraft:recipes/decorations/white_banner":{"criteria":{"has_white_wool":"2024-09-29 14:13:41 -0500"},"done":true},"minecraft:recipes/food/baked_potato_from_smoking":{"criteria":{"has_potato":"2024-09-29 14:13:41 -0500"},"done":true},"minecraft:recipes/food/baked_potato":{"criteria":{"has_potato":"2024-09-29 14:13:41 -0500"},"done":true},"minecraft:recipes/decorations/painting":{"criteria":{"has_wool":"2024-09-29 14:13:41 -0500"},"done":true},"minecraft:recipes/decorations/white_bed":{"criteria":{"has_white_wool":"2024-09-29 14:13:41 -0500"},"done":true},"minecraft:recipes/decorations/white_carpet":{"criteria":{"has_white_wool":"2024-09-29 14:13:41 -0500"},"done":true},"minecraft:recipes/misc/mojang_banner_pattern":{"criteria":{"has_enchanted_golden_apple":"2024-09-29 14:40:29 -0500"},"done":true},"minecraft:husbandry/balanced_diet":{"criteria":{"cooked_chicken":"2024-09-29 14:43:47 -0500","enchanted_golden_apple":"2024-09-29 14:40:42 -0500","golden_carrot":"2024-10-01 17:10:58 -0500"},"done":false},"minecraft:husbandry/root":{"criteria":{"consumed_item":"2024-09-29 14:40:42 -0500"},"done":true},"minecraft:recipes/building_blocks/polished_deepslate":{"criteria":{"has_cobbled_deepslate":"2024-09-29 14:48:06 -0500"},"done":true},"minecraft:recipes/building_blocks/deepslate_tile_stairs_from_cobbled_deepslate_stonecutting":{"criteria":{"has_cobbled_deepslate":"2024-09-29 14:48:06 -0500"},"done":true},"minecraft:recipes/decorations/deepslate_brick_wall_from_cobbled_deepslate_stonecutting":{"criteria":{"has_cobbled_deepslate":"2024-09-29 14:48:06 -0500"},"done":true},"minecraft:recipes/building_blocks/polished_deepslate_from_cobbled_deepslate_stonecutting":{"criteria":{"has_cobbled_deepslate":"2024-09-29 14:48:06 -0500"},"done":true},"minecraft:recipes/building_blocks/polished_deepslate_slab_from_cobbled_deepslate_stonecutting":{"criteria":{"has_cobbled_deepslate":"2024-09-29 14:48:06 -0500"},"done":true},"minecraft:recipes/building_blocks/deepslate_brick_stairs_from_cobbled_deepslate_stonecutting":{"criteria":{"has_cobbled_deepslate":"2024-09-29 14:48:06 -0500"},"done":true},"minecraft:recipes/building_blocks/deepslate_brick_slab_from_cobbled_deepslate_stonecutting":{"criteria":{"has_cobbled_deepslate":"2024-09-29 14:48:06 -0500"},"done":true},"minecraft:recipes/building_blocks/cobbled_deepslate_slab_from_cobbled_deepslate_stonecutting":{"criteria":{"has_cobbled_deepslate":"2024-09-29 14:48:06 -0500"},"done":true},"minecraft:recipes/building_blocks/deepslate_tile_slab_from_cobbled_deepslate_stonecutting":{"criteria":{"has_cobbled_deepslate":"2024-09-29 14:48:06 -0500"},"done":true},"minecraft:recipes/building_blocks/cobbled_deepslate_stairs":{"criteria":{"has_cobbled_deepslate":"2024-09-29 14:48:06 -0500"},"done":true},"minecraft:recipes/building_blocks/chiseled_deepslate_from_cobbled_deepslate_stonecutting":{"criteria":{"has_cobbled_deepslate":"2024-09-29 14:48:06 -0500"},"done":true},"minecraft:recipes/building_blocks/cobbled_deepslate_slab":{"criteria":{"has_cobbled_deepslate":"2024-09-29 14:48:06 -0500"},"done":true},"minecraft:recipes/decorations/cobbled_deepslate_wall_from_cobbled_deepslate_stonecutting":{"criteria":{"has_cobbled_deepslate":"2024-09-29 14:48:06 -0500"},"done":true},"minecraft:recipes/decorations/deepslate_tile_wall_from_cobbled_deepslate_stonecutting":{"criteria":{"has_cobbled_deepslate":"2024-09-29 14:48:06 -0500"},"done":true},"minecraft:recipes/decorations/cobbled_deepslate_wall":{"criteria":{"has_cobbled_deepslate":"2024-09-29 14:48:06 -0500"},"done":true},"minecraft:recipes/decorations/polished_deepslate_wall_from_cobbled_deepslate_stonecutting":{"criteria":{"has_cobbled_deepslate":"2024-09-29 14:48:06 -0500"},"done":true},"minecraft:recipes/building_blocks/deepslate_bricks_from_cobbled_deepslate_stonecutting":{"criteria":{"has_cobbled_deepslate":"2024-09-29 14:48:06 -0500"},"done":true},"minecraft:recipes/building_blocks/deepslate_tiles_from_cobbled_deepslate_stonecutting":{"criteria":{"has_cobbled_deepslate":"2024-09-29 14:48:06 -0500"},"done":true},"minecraft:recipes/building_blocks/cobbled_deepslate_stairs_from_cobbled_deepslate_stonecutting":{"criteria":{"has_cobbled_deepslate":"2024-09-29 14:48:06 -0500"},"done":true},"minecraft:recipes/building_blocks/deepslate":{"criteria":{"has_cobbled_deepslate":"2024-09-29 14:48:06 -0500"},"done":true},"minecraft:recipes/building_blocks/polished_deepslate_stairs_from_cobbled_deepslate_stonecutting":{"criteria":{"has_cobbled_deepslate":"2024-09-29 14:48:06 -0500"},"done":true},"minecraft:recipes/misc/gold_ingot_from_smelting_raw_gold":{"criteria":{"has_raw_gold":"2024-09-29 14:48:52 -0500"},"done":true},"minecraft:recipes/building_blocks/raw_gold_block":{"criteria":{"has_raw_gold":"2024-09-29 14:48:52 -0500"},"done":true},"minecraft:recipes/misc/gold_ingot_from_blasting_raw_gold":{"criteria":{"has_raw_gold":"2024-09-29 14:48:52 -0500"},"done":true},"minecraft:recipes/combat/diamond_leggings":{"criteria":{"has_diamond":"2024-09-29 14:49:33 -0500"},"done":true},"minecraft:recipes/combat/diamond_sword":{"criteria":{"has_diamond":"2024-09-29 14:49:33 -0500"},"done":true},"minecraft:recipes/decorations/jukebox":{"criteria":{"has_diamond":"2024-09-29 14:49:33 -0500"},"done":true},"minecraft:recipes/combat/diamond_chestplate":{"criteria":{"has_diamond":"2024-09-29 14:49:33 -0500"},"done":true},"minecraft:recipes/combat/diamond_helmet":{"criteria":{"has_diamond":"2024-09-29 14:49:33 -0500"},"done":true},"minecraft:recipes/tools/diamond_pickaxe":{"criteria":{"has_diamond":"2024-09-29 14:49:33 -0500"},"done":true},"minecraft:recipes/building_blocks/diamond_block":{"criteria":{"has_diamond":"2024-09-29 14:49:33 -0500"},"done":true},"minecraft:recipes/tools/diamond_hoe":{"criteria":{"has_diamond":"2024-09-29 14:49:33 -0500"},"done":true},"minecraft:recipes/tools/diamond_shovel":{"criteria":{"has_diamond":"2024-09-29 14:49:33 -0500"},"done":true},"minecraft:story/mine_diamond":{"criteria":{"diamond":"2024-09-29 14:49:33 -0500"},"done":true},"minecraft:recipes/tools/diamond_axe":{"criteria":{"has_diamond":"2024-09-29 14:49:33 -0500"},"done":true},"minecraft:recipes/combat/diamond_boots":{"criteria":{"has_diamond":"2024-09-29 14:49:33 -0500"},"done":true},"minecraft:recipes/building_blocks/chiseled_tuff_bricks_from_tuff_stonecutting":{"criteria":{"has_tuff":"2024-09-29 14:56:05 -0500"},"done":true},"minecraft:recipes/building_blocks/tuff_bricks_from_tuff_stonecutting":{"criteria":{"has_tuff":"2024-09-29 14:56:05 -0500"},"done":true},"minecraft:recipes/building_blocks/tuff_slab":{"criteria":{"has_tuff":"2024-09-29 14:56:05 -0500"},"done":true},"minecraft:recipes/building_blocks/tuff_brick_slab_from_tuff_stonecutting":{"criteria":{"has_tuff":"2024-09-29 14:56:05 -0500"},"done":true},"minecraft:recipes/decorations/polished_tuff_wall_from_tuff_stonecutting":{"criteria":{"has_tuff":"2024-09-29 14:56:05 -0500"},"done":true},"minecraft:recipes/decorations/tuff_wall":{"criteria":{"has_tuff":"2024-09-29 14:56:05 -0500"},"done":true},"minecraft:recipes/building_blocks/polished_tuff_slab_from_tuff_stonecutting":{"criteria":{"has_tuff":"2024-09-29 14:56:05 -0500"},"done":true},"minecraft:recipes/decorations/tuff_wall_from_tuff_stonecutting":{"criteria":{"has_tuff":"2024-09-29 14:56:05 -0500"},"done":true},"minecraft:recipes/building_blocks/tuff_stairs":{"criteria":{"has_tuff":"2024-09-29 14:56:05 -0500"},"done":true},"minecraft:recipes/decorations/tuff_brick_wall_from_tuff_stonecutting":{"criteria":{"has_tuff":"2024-09-29 14:56:05 -0500"},"done":true},"minecraft:recipes/building_blocks/chiseled_tuff_from_tuff_stonecutting":{"criteria":{"has_tuff":"2024-09-29 14:56:05 -0500"},"done":true},"minecraft:recipes/building_blocks/polished_tuff_stairs_from_tuff_stonecutting":{"criteria":{"has_tuff":"2024-09-29 14:56:05 -0500"},"done":true},"minecraft:recipes/building_blocks/tuff_stairs_from_tuff_stonecutting":{"criteria":{"has_tuff":"2024-09-29 14:56:05 -0500"},"done":true},"minecraft:recipes/building_blocks/tuff_brick_stairs_from_tuff_stonecutting":{"criteria":{"has_tuff":"2024-09-29 14:56:05 -0500"},"done":true},"minecraft:recipes/building_blocks/polished_tuff":{"criteria":{"has_tuff":"2024-09-29 14:56:05 -0500"},"done":true},"minecraft:recipes/building_blocks/tuff_slab_from_tuff_stonecutting":{"criteria":{"has_tuff":"2024-09-29 14:56:05 -0500"},"done":true},"minecraft:recipes/building_blocks/polished_tuff_from_tuff_stonecutting":{"criteria":{"has_tuff":"2024-09-29 14:56:05 -0500"},"done":true},"minecraft:story/shiny_gear":{"criteria":{"diamond_leggings":"2024-09-29 15:02:54 -0500"},"done":true},"minecraft:recipes/building_blocks/stripped_oak_wood":{"criteria":{"has_log":"2024-09-29 15:09:48 -0500"},"done":true},"minecraft:recipes/decorations/oak_hanging_sign":{"criteria":{"has_stripped_logs":"2024-09-29 15:09:48 -0500"},"done":true},"minecraft:recipes/food/cooked_rabbit":{"criteria":{"has_rabbit":"2024-09-30 20:02:19 -0500"},"done":true},"minecraft:recipes/food/cooked_rabbit_from_smoking":{"criteria":{"has_rabbit":"2024-09-30 20:02:19 -0500"},"done":true},"minecraft:recipes/food/cooked_rabbit_from_campfire_cooking":{"criteria":{"has_rabbit":"2024-09-30 20:02:19 -0500"},"done":true},"minecraft:recipes/misc/firework_rocket_simple":{"criteria":{"has_gunpowder":"2024-09-30 20:08:11 -0500"},"done":true},"minecraft:recipes/redstone/tnt":{"criteria":{"has_gunpowder":"2024-09-30 20:08:11 -0500"},"done":true},"minecraft:recipes/building_blocks/polished_blackstone_bricks_from_polished_blackstone_stonecutting":{"criteria":{"has_polished_blackstone":"2024-09-30 20:37:42 -0500"},"done":true},"minecraft:recipes/building_blocks/chiseled_polished_blackstone_from_polished_blackstone_stonecutting":{"criteria":{"has_polished_blackstone":"2024-09-30 20:37:42 -0500"},"done":true},"minecraft:recipes/building_blocks/polished_blackstone_stairs_from_polished_blackstone_stonecutting":{"criteria":{"has_polished_blackstone":"2024-09-30 20:37:42 -0500"},"done":true},"minecraft:recipes/building_blocks/polished_blackstone_slab_from_polished_blackstone_stonecutting":{"criteria":{"has_polished_blackstone":"2024-09-30 20:37:42 -0500"},"done":true},"minecraft:recipes/building_blocks/polished_blackstone_stairs":{"criteria":{"has_polished_blackstone":"2024-09-30 20:37:42 -0500"},"done":true},"minecraft:recipes/building_blocks/polished_blackstone_brick_stairs_from_polished_blackstone_stonecutting":{"criteria":{"has_polished_blackstone":"2024-09-30 20:37:42 -0500"},"done":true},"minecraft:recipes/redstone/polished_blackstone_button":{"criteria":{"has_polished_blackstone":"2024-09-30 20:37:42 -0500"},"done":true},"minecraft:recipes/decorations/polished_blackstone_wall_from_polished_blackstone_stonecutting":{"criteria":{"has_polished_blackstone":"2024-09-30 20:37:42 -0500"},"done":true},"minecraft:recipes/redstone/polished_blackstone_pressure_plate":{"criteria":{"has_polished_blackstone":"2024-09-30 20:37:42 -0500"},"done":true},"minecraft:recipes/building_blocks/polished_blackstone_brick_slab_from_polished_blackstone_stonecutting":{"criteria":{"has_polished_blackstone":"2024-09-30 20:37:42 -0500"},"done":true},"minecraft:recipes/building_blocks/polished_blackstone_slab":{"criteria":{"has_polished_blackstone":"2024-09-30 20:37:42 -0500"},"done":true},"minecraft:recipes/building_blocks/polished_blackstone_bricks":{"criteria":{"has_polished_blackstone":"2024-09-30 20:37:42 -0500"},"done":true},"minecraft:recipes/decorations/polished_blackstone_wall":{"criteria":{"has_polished_blackstone":"2024-09-30 20:37:42 -0500"},"done":true},"minecraft:recipes/decorations/polished_blackstone_brick_wall_from_polished_blackstone_stonecutting":{"criteria":{"has_polished_blackstone":"2024-09-30 20:37:42 -0500"},"done":true},"minecraft:recipes/building_blocks/chiseled_polished_blackstone":{"criteria":{"has_polished_blackstone_slab":"2024-09-30 20:38:05 -0500"},"done":true},"minecraft:nether/root":{"criteria":{"entered_nether":"2024-09-30 21:03:31 -0500"},"done":true},"minecraft:story/enter_the_nether":{"criteria":{"entered_nether":"2024-09-30 21:03:31 -0500"},"done":true},"minecraft:nether/explore_nether":{"criteria":{"minecraft:nether_wastes":"2024-09-30 21:03:32 -0500","minecraft:basalt_deltas":"2024-09-30 21:04:15 -0500","minecraft:warped_forest":"2024-09-30 22:25:56 -0500"},"done":false},"minecraft:recipes/misc/gold_ingot_from_nuggets":{"criteria":{"has_gold_nugget":"2024-09-30 21:05:56 -0500"},"done":true},"minecraft:recipes/brewing/golden_carrot":{"criteria":{"has_gold_nugget":"2024-09-30 21:05:56 -0500"},"done":true},"minecraft:recipes/decorations/deepslate_brick_wall_from_deepslate_bricks_stonecutting":{"criteria":{"has_deepslate_bricks":"2024-09-30 21:16:04 -0500"},"done":true},"minecraft:recipes/building_blocks/deepslate_tile_stairs_from_deepslate_bricks_stonecutting":{"criteria":{"has_deepslate_bricks":"2024-09-30 21:16:04 -0500"},"done":true},"minecraft:recipes/decorations/deepslate_brick_wall":{"criteria":{"has_deepslate_bricks":"2024-09-30 21:16:04 -0500"},"done":true},"minecraft:recipes/building_blocks/deepslate_brick_stairs":{"criteria":{"has_deepslate_bricks":"2024-09-30 21:16:04 -0500"},"done":true},"minecraft:recipes/building_blocks/deepslate_tiles_from_deepslate_bricks_stonecutting":{"criteria":{"has_deepslate_bricks":"2024-09-30 21:16:04 -0500"},"done":true},"minecraft:recipes/building_blocks/deepslate_brick_slab":{"criteria":{"has_deepslate_bricks":"2024-09-30 21:16:04 -0500"},"done":true},"minecraft:recipes/decorations/deepslate_tile_wall_from_deepslate_bricks_stonecutting":{"criteria":{"has_deepslate_bricks":"2024-09-30 21:16:04 -0500"},"done":true},"minecraft:recipes/building_blocks/cracked_deepslate_bricks":{"criteria":{"has_deepslate_bricks":"2024-09-30 21:16:04 -0500"},"done":true},"minecraft:recipes/building_blocks/deepslate_tile_slab_from_deepslate_bricks_stonecutting":{"criteria":{"has_deepslate_bricks":"2024-09-30 21:16:04 -0500"},"done":true},"minecraft:recipes/building_blocks/deepslate_tiles":{"criteria":{"has_deepslate_bricks":"2024-09-30 21:16:04 -0500"},"done":true},"minecraft:recipes/building_blocks/deepslate_brick_stairs_from_deepslate_bricks_stonecutting":{"criteria":{"has_deepslate_bricks":"2024-09-30 21:16:04 -0500"},"done":true},"minecraft:recipes/building_blocks/deepslate_brick_slab_from_deepslate_bricks_stonecutting":{"criteria":{"has_deepslate_bricks":"2024-09-30 21:16:04 -0500"},"done":true},"minecraft:recipes/misc/blue_dye":{"criteria":{"has_lapis_lazuli":"2024-09-30 21:27:54 -0500"},"done":true},"minecraft:recipes/building_blocks/lapis_block":{"criteria":{"has_lapis_lazuli":"2024-09-30 21:27:54 -0500"},"done":true},"minecraft:story/enchant_item":{"criteria":{"enchanted_item":"2024-09-30 21:28:19 -0500"},"done":true},"minecraft:recipes/misc/black_dye":{"criteria":{"has_ink_sac":"2024-09-30 21:32:58 -0500"},"done":true},"minecraft:recipes/misc/conduit":{"criteria":{"has_nautilus_shell":"2024-09-30 21:43:30 -0500"},"done":true},"minecraft:recipes/misc/gold_nugget_from_smelting":{"criteria":{"has_golden_leggings":"2024-09-30 21:49:33 -0500"},"done":true},"minecraft:recipes/misc/gold_nugget_from_blasting":{"criteria":{"has_golden_leggings":"2024-09-30 21:49:33 -0500"},"done":true},"minecraft:recipes/misc/iron_ingot_from_nuggets":{"criteria":{"has_iron_nugget":"2024-09-30 21:49:34 -0500"},"done":true},"minecraft:recipes/food/cooked_salmon_from_smoking":{"criteria":{"has_salmon":"2024-09-30 22:09:11 -0500"},"done":true},"minecraft:recipes/food/cooked_salmon_from_campfire_cooking":{"criteria":{"has_salmon":"2024-09-30 22:09:11 -0500"},"done":true},"minecraft:recipes/food/cooked_salmon":{"criteria":{"has_salmon":"2024-09-30 22:09:11 -0500"},"done":true},"minecraft:recipes/redstone/birch_button":{"criteria":{"has_planks":"2024-09-30 22:16:35 -0500"},"done":true},"minecraft:recipes/redstone/birch_door":{"criteria":{"has_planks":"2024-09-30 22:16:35 -0500"},"done":true},"minecraft:recipes/decorations/birch_fence":{"criteria":{"has_planks":"2024-09-30 22:16:35 -0500"},"done":true},"minecraft:recipes/redstone/birch_trapdoor":{"criteria":{"has_planks":"2024-09-30 22:16:35 -0500"},"done":true},"minecraft:recipes/decorations/birch_sign":{"criteria":{"has_planks":"2024-09-30 22:16:35 -0500"},"done":true},"minecraft:recipes/redstone/birch_fence_gate":{"criteria":{"has_planks":"2024-09-30 22:16:35 -0500"},"done":true},"minecraft:recipes/redstone/birch_pressure_plate":{"criteria":{"has_planks":"2024-09-30 22:16:35 -0500"},"done":true},"minecraft:recipes/building_blocks/birch_slab":{"criteria":{"has_planks":"2024-09-30 22:16:35 -0500"},"done":true},"minecraft:recipes/building_blocks/birch_stairs":{"criteria":{"has_planks":"2024-09-30 22:16:35 -0500"},"done":true},"minecraft:recipes/transportation/dark_oak_chest_boat":{"criteria":{"has_boat":"2024-09-30 22:24:34 -0500"},"done":true},"minecraft:recipes/transportation/bamboo_chest_raft":{"criteria":{"has_boat":"2024-09-30 22:24:34 -0500"},"done":true},"minecraft:recipes/transportation/spruce_chest_boat":{"criteria":{"has_boat":"2024-09-30 22:24:34 -0500"},"done":true},"minecraft:recipes/transportation/jungle_chest_boat":{"criteria":{"has_boat":"2024-09-30 22:24:34 -0500"},"done":true},"minecraft:recipes/transportation/acacia_chest_boat":{"criteria":{"has_boat":"2024-09-30 22:24:34 -0500"},"done":true},"minecraft:recipes/transportation/mangrove_chest_boat":{"criteria":{"has_boat":"2024-09-30 22:24:34 -0500"},"done":true},"minecraft:recipes/transportation/oak_chest_boat":{"criteria":{"has_boat":"2024-09-30 22:24:34 -0500"},"done":true},"minecraft:recipes/transportation/cherry_chest_boat":{"criteria":{"has_boat":"2024-09-30 22:24:34 -0500"},"done":true},"minecraft:recipes/transportation/birch_chest_boat":{"criteria":{"has_boat":"2024-09-30 22:24:34 -0500"},"done":true},"minecraft:recipes/misc/nether_brick":{"criteria":{"has_netherrack":"2024-09-30 22:37:20 -0500"},"done":true},"minecraft:recipes/redstone/observer":{"criteria":{"has_quartz":"2024-09-30 22:37:51 -0500"},"done":true},"minecraft:recipes/redstone/comparator":{"criteria":{"has_quartz":"2024-09-30 22:37:51 -0500"},"done":true},"minecraft:recipes/building_blocks/diorite":{"criteria":{"has_quartz":"2024-09-30 22:37:51 -0500"},"done":true},"minecraft:recipes/building_blocks/granite":{"criteria":{"has_quartz":"2024-09-30 22:37:51 -0500"},"done":true},"minecraft:recipes/building_blocks/quartz_block":{"criteria":{"has_quartz":"2024-09-30 22:37:51 -0500"},"done":true},"minecraft:recipes/redstone/daylight_detector":{"criteria":{"has_quartz":"2024-09-30 22:37:51 -0500"},"done":true},"minecraft:recipes/decorations/soul_campfire":{"criteria":{"has_soul_sand":"2024-09-30 22:58:14 -0500"},"done":true},"minecraft:recipes/decorations/soul_torch":{"criteria":{"has_soul_sand":"2024-09-30 22:58:14 -0500"},"done":true},"minecraft:recipes/decorations/gray_bed":{"criteria":{"has_gray_wool":"2024-09-30 23:20:44 -0500"},"done":true},"minecraft:recipes/decorations/gray_banner":{"criteria":{"has_gray_wool":"2024-09-30 23:20:44 -0500"},"done":true},"minecraft:recipes/decorations/gray_carpet":{"criteria":{"has_gray_wool":"2024-09-30 23:20:44 -0500"},"done":true},"minecraft:recipes/brewing/fermented_spider_eye":{"criteria":{"has_spider_eye":"2024-09-30 23:23:57 -0500"},"done":true},"minecraft:recipes/building_blocks/deepslate_brick_slab_from_polished_deepslate_stonecutting":{"criteria":{"has_polished_deepslate":"2024-09-30 23:24:51 -0500"},"done":true},"minecraft:recipes/decorations/polished_deepslate_wall":{"criteria":{"has_polished_deepslate":"2024-09-30 23:24:51 -0500"},"done":true},"minecraft:recipes/building_blocks/deepslate_bricks":{"criteria":{"has_polished_deepslate":"2024-09-30 23:24:51 -0500"},"done":true},"minecraft:recipes/decorations/polished_deepslate_wall_from_polished_deepslate_stonecutting":{"criteria":{"has_polished_deepslate":"2024-09-30 23:24:51 -0500"},"done":true},"minecraft:recipes/building_blocks/polished_deepslate_slab":{"criteria":{"has_polished_deepslate":"2024-09-30 23:24:51 -0500"},"done":true},"minecraft:recipes/building_blocks/polished_deepslate_slab_from_polished_deepslate_stonecutting":{"criteria":{"has_polished_deepslate":"2024-09-30 23:24:51 -0500"},"done":true},"minecraft:recipes/building_blocks/deepslate_tile_stairs_from_polished_deepslate_stonecutting":{"criteria":{"has_polished_deepslate":"2024-09-30 23:24:51 -0500"},"done":true},"minecraft:recipes/building_blocks/polished_deepslate_stairs_from_polished_deepslate_stonecutting":{"criteria":{"has_polished_deepslate":"2024-09-30 23:24:51 -0500"},"done":true},"minecraft:recipes/building_blocks/deepslate_tiles_from_polished_deepslate_stonecutting":{"criteria":{"has_polished_deepslate":"2024-09-30 23:24:51 -0500"},"done":true},"minecraft:recipes/building_blocks/deepslate_bricks_from_polished_deepslate_stonecutting":{"criteria":{"has_polished_deepslate":"2024-09-30 23:24:51 -0500"},"done":true},"minecraft:recipes/building_blocks/deepslate_tile_slab_from_polished_deepslate_stonecutting":{"criteria":{"has_polished_deepslate":"2024-09-30 23:24:51 -0500"},"done":true},"minecraft:recipes/decorations/deepslate_brick_wall_from_polished_deepslate_stonecutting":{"criteria":{"has_polished_deepslate":"2024-09-30 23:24:51 -0500"},"done":true},"minecraft:recipes/decorations/deepslate_tile_wall_from_polished_deepslate_stonecutting":{"criteria":{"has_polished_deepslate":"2024-09-30 23:24:51 -0500"},"done":true},"minecraft:recipes/building_blocks/deepslate_brick_stairs_from_polished_deepslate_stonecutting":{"criteria":{"has_polished_deepslate":"2024-09-30 23:24:51 -0500"},"done":true},"minecraft:recipes/building_blocks/polished_deepslate_stairs":{"criteria":{"has_polished_deepslate":"2024-09-30 23:24:51 -0500"},"done":true},"minecraft:story/lava_bucket":{"criteria":{"lava_bucket":"2024-09-30 23:37:59 -0500"},"done":true},"minecraft:recipes/building_blocks/deepslate_tile_stairs_from_deepslate_tiles_stonecutting":{"criteria":{"has_deepslate_tiles":"2024-09-30 23:49:29 -0500"},"done":true},"minecraft:recipes/building_blocks/deepslate_tile_slab_from_deepslate_tiles_stonecutting":{"criteria":{"has_deepslate_tiles":"2024-09-30 23:49:29 -0500"},"done":true},"minecraft:recipes/decorations/deepslate_tile_wall_from_deepslate_tiles_stonecutting":{"criteria":{"has_deepslate_tiles":"2024-09-30 23:49:29 -0500"},"done":true},"minecraft:recipes/building_blocks/deepslate_tile_stairs":{"criteria":{"has_deepslate_tiles":"2024-09-30 23:49:29 -0500"},"done":true},"minecraft:recipes/decorations/deepslate_tile_wall":{"criteria":{"has_deepslate_tiles":"2024-09-30 23:49:29 -0500"},"done":true},"minecraft:recipes/building_blocks/deepslate_tile_slab":{"criteria":{"has_deepslate_tiles":"2024-09-30 23:49:29 -0500"},"done":true},"minecraft:recipes/building_blocks/cracked_deepslate_tiles":{"criteria":{"has_deepslate_tiles":"2024-09-30 23:49:29 -0500"},"done":true},"minecraft:recipes/decorations/fletching_table":{"criteria":{"has_flint":"2024-10-01 00:27:25 -0500"},"done":true},"minecraft:recipes/building_blocks/coarse_dirt":{"criteria":{"has_gravel":"2024-10-01 00:27:27 -0500"},"done":true},"minecraft:story/deflect_arrow":{"criteria":{"deflected_projectile":"2024-10-01 00:34:13 -0500"},"done":true},"minecraft:recipes/decorations/light_gray_bed":{"criteria":{"has_light_gray_wool":"2024-10-01 01:37:16 -0500"},"done":true},"minecraft:recipes/decorations/light_gray_banner":{"criteria":{"has_light_gray_wool":"2024-10-01 01:37:16 -0500"},"done":true},"minecraft:recipes/decorations/light_gray_carpet":{"criteria":{"has_light_gray_wool":"2024-10-01 01:37:16 -0500"},"done":true},"minecraft:recipes/decorations/stone_brick_wall":{"criteria":{"has_stone_bricks":"2024-10-01 01:45:56 -0500"},"done":true},"minecraft:recipes/building_blocks/stone_brick_slab_from_stone_bricks_stonecutting":{"criteria":{"has_stone_bricks":"2024-10-01 01:45:56 -0500"},"done":true},"minecraft:recipes/building_blocks/cracked_stone_bricks":{"criteria":{"has_stone_bricks":"2024-10-01 01:45:56 -0500"},"done":true},"minecraft:recipes/building_blocks/stone_brick_stairs_from_stone_bricks_stonecutting":{"criteria":{"has_stone_bricks":"2024-10-01 01:45:56 -0500"},"done":true},"minecraft:recipes/building_blocks/stone_brick_slab":{"criteria":{"has_stone_bricks":"2024-10-01 01:45:56 -0500"},"done":true},"minecraft:recipes/building_blocks/stone_brick_stairs":{"criteria":{"has_stone_bricks":"2024-10-01 01:45:56 -0500"},"done":true},"minecraft:recipes/building_blocks/chiseled_stone_bricks_from_stone_bricks_stonecutting":{"criteria":{"has_stone_bricks":"2024-10-01 01:45:56 -0500"},"done":true},"minecraft:recipes/building_blocks/chiseled_stone_bricks":{"criteria":{"has_tag":"2024-10-01 01:45:56 -0500"},"done":true},"minecraft:recipes/decorations/stone_brick_wall_from_stone_bricks_stonecutting":{"criteria":{"has_stone_bricks":"2024-10-01 01:45:56 -0500"},"done":true},"minecraft:recipes/decorations/composter":{"criteria":{"has_wood_slab":"2024-10-01 01:48:10 -0500"},"done":true},"minecraft:adventure/trade":{"criteria":{"traded":"2024-10-01 01:53:28 -0500"},"done":true},"minecraft:recipes/building_blocks/emerald_block":{"criteria":{"has_emerald":"2024-10-01 01:53:29 -0500"},"done":true},"minecraft:recipes/misc/netherite_scrap_from_blasting":{"criteria":{"has_ancient_debris":"2024-10-01 17:12:57 -0500"},"done":true},"minecraft:recipes/misc/netherite_scrap":{"criteria":{"has_ancient_debris":"2024-10-01 17:12:57 -0500"},"done":true},"minecraft:nether/obtain_ancient_debris":{"criteria":{"ancient_debris":"2024-10-01 17:12:57 -0500"},"done":true},"minecraft:recipes/building_blocks/smooth_basalt":{"criteria":{"has_basalt":"2024-10-01 17:13:17 -0500"},"done":true},"minecraft:recipes/building_blocks/polished_basalt_from_basalt_stonecutting":{"criteria":{"has_basalt":"2024-10-01 17:13:17 -0500"},"done":true},"minecraft:recipes/building_blocks/polished_basalt":{"criteria":{"has_basalt":"2024-10-01 17:13:17 -0500"},"done":true},"minecraft:recipes/misc/netherite_ingot":{"criteria":{"has_netherite_scrap":"2024-10-01 18:31:16 -0500"},"done":true},"minecraft:recipes/tools/golden_axe":{"criteria":{"has_gold_ingot":"2024-10-01 18:32:39 -0500"},"done":true},"minecraft:recipes/tools/golden_pickaxe":{"criteria":{"has_gold_ingot":"2024-10-01 18:32:39 -0500"},"done":true},"minecraft:recipes/misc/gold_nugget":{"criteria":{"has_gold_ingot":"2024-10-01 18:32:39 -0500"},"done":true},"minecraft:recipes/tools/golden_shovel":{"criteria":{"has_gold_ingot":"2024-10-01 18:32:39 -0500"},"done":true},"minecraft:recipes/food/golden_apple":{"criteria":{"has_gold_ingot":"2024-10-01 18:32:39 -0500"},"done":true},"minecraft:recipes/combat/golden_boots":{"criteria":{"has_gold_ingot":"2024-10-01 18:32:39 -0500"},"done":true},"minecraft:recipes/combat/golden_helmet":{"criteria":{"has_gold_ingot":"2024-10-01 18:32:39 -0500"},"done":true},"minecraft:recipes/combat/golden_sword":{"criteria":{"has_gold_ingot":"2024-10-01 18:32:39 -0500"},"done":true},"minecraft:recipes/building_blocks/gold_block":{"criteria":{"has_gold_ingot":"2024-10-01 18:32:39 -0500"},"done":true},"minecraft:recipes/combat/golden_chestplate":{"criteria":{"has_gold_ingot":"2024-10-01 18:32:39 -0500"},"done":true},"minecraft:recipes/tools/golden_hoe":{"criteria":{"has_gold_ingot":"2024-10-01 18:32:39 -0500"},"done":true},"minecraft:recipes/redstone/light_weighted_pressure_plate":{"criteria":{"has_gold_ingot":"2024-10-01 18:32:39 -0500"},"done":true},"minecraft:recipes/combat/golden_leggings":{"criteria":{"has_gold_ingot":"2024-10-01 18:32:39 -0500"},"done":true},"minecraft:recipes/building_blocks/netherite_block":{"criteria":{"has_netherite_ingot":"2024-10-01 18:33:12 -0500"},"done":true},"minecraft:recipes/combat/netherite_boots_smithing":{"criteria":{"has_netherite_ingot":"2024-10-01 18:33:12 -0500"},"done":true},"minecraft:recipes/tools/netherite_shovel_smithing":{"criteria":{"has_netherite_ingot":"2024-10-01 18:33:12 -0500"},"done":true},"minecraft:recipes/combat/netherite_chestplate_smithing":{"criteria":{"has_netherite_ingot":"2024-10-01 18:33:12 -0500"},"done":true},"minecraft:recipes/combat/netherite_sword_smithing":{"criteria":{"has_netherite_ingot":"2024-10-01 18:33:12 -0500"},"done":true},"minecraft:recipes/combat/netherite_leggings_smithing":{"criteria":{"has_netherite_ingot":"2024-10-01 18:33:12 -0500"},"done":true},"minecraft:recipes/tools/netherite_axe_smithing":{"criteria":{"has_netherite_ingot":"2024-10-01 18:33:12 -0500"},"done":true},"minecraft:recipes/tools/netherite_hoe_smithing":{"criteria":{"has_netherite_ingot":"2024-10-01 18:33:12 -0500"},"done":true},"minecraft:recipes/tools/netherite_pickaxe_smithing":{"criteria":{"has_netherite_ingot":"2024-10-01 18:33:12 -0500"},"done":true},"minecraft:recipes/decorations/lodestone":{"criteria":{"has_netherite_ingot":"2024-10-01 18:33:12 -0500"},"done":true},"minecraft:recipes/combat/netherite_helmet_smithing":{"criteria":{"has_netherite_ingot":"2024-10-01 18:33:12 -0500"},"done":true},"minecraft:recipes/building_blocks/dark_oak_planks":{"criteria":{"has_log":"2024-10-01 19:02:31 -0500"},"done":true},"minecraft:recipes/building_blocks/dark_oak_wood":{"criteria":{"has_log":"2024-10-01 19:02:31 -0500"},"done":true},"minecraft:recipes/decorations/dark_oak_hanging_sign":{"criteria":{"has_stripped_logs":"2024-10-01 19:03:34 -0500"},"done":true},"minecraft:recipes/building_blocks/stripped_dark_oak_wood":{"criteria":{"has_log":"2024-10-01 19:03:34 -0500"},"done":true},"minecraft:nether/netherite_armor":{"criteria":{"netherite_armor":"2024-10-02 20:21:04 -0500"},"done":true},"minecraft:recipes/building_blocks/copper_block":{"criteria":{"has_copper_ingot":"2024-10-02 20:45:10 -0500"},"done":true},"minecraft:recipes/tools/brush":{"criteria":{"has_copper_ingot":"2024-10-02 20:45:10 -0500"},"done":true},"minecraft:recipes/redstone/copper_door":{"criteria":{"has_copper_ingot":"2024-10-02 20:45:10 -0500"},"done":true},"minecraft:recipes/redstone/lightning_rod":{"criteria":{"has_copper_ingot":"2024-10-02 20:45:10 -0500"},"done":true},"minecraft:recipes/redstone/copper_trapdoor":{"criteria":{"has_copper_ingot":"2024-10-02 20:45:10 -0500"},"done":true},"minecraft:recipes/building_blocks/glowstone":{"criteria":{"has_glowstone_dust":"2024-10-06 01:37:29 -0500"},"done":true},"minecraft:recipes/combat/spectral_arrow":{"criteria":{"has_glowstone_dust":"2024-10-06 01:37:29 -0500"},"done":true},"minecraft:recipes/misc/gold_ingot_from_gold_block":{"criteria":{"has_gold_block":"2024-10-06 02:19:16 -0500"},"done":true},"minecraft:recipes/misc/diamond":{"criteria":{"has_diamond_block":"2024-10-06 02:22:17 -0500"},"done":true},"minecraft:recipes/building_blocks/dark_oak_slab":{"criteria":{"has_planks":"2024-10-06 02:52:35 -0500"},"done":true},"minecraft:recipes/redstone/dark_oak_door":{"criteria":{"has_planks":"2024-10-06 02:52:35 -0500"},"done":true},"minecraft:recipes/redstone/dark_oak_fence_gate":{"criteria":{"has_planks":"2024-10-06 02:52:35 -0500"},"done":true},"minecraft:recipes/redstone/dark_oak_trapdoor":{"criteria":{"has_planks":"2024-10-06 02:52:35 -0500"},"done":true},"minecraft:recipes/redstone/dark_oak_button":{"criteria":{"has_planks":"2024-10-06 02:52:35 -0500"},"done":true},"minecraft:recipes/building_blocks/dark_oak_stairs":{"criteria":{"has_planks":"2024-10-06 02:52:35 -0500"},"done":true},"minecraft:recipes/decorations/dark_oak_sign":{"criteria":{"has_planks":"2024-10-06 02:52:35 -0500"},"done":true},"minecraft:recipes/redstone/dark_oak_pressure_plate":{"criteria":{"has_planks":"2024-10-06 02:52:35 -0500"},"done":true},"minecraft:recipes/decorations/dark_oak_fence":{"criteria":{"has_planks":"2024-10-06 02:52:35 -0500"},"done":true},"minecraft:recipes/decorations/spruce_hanging_sign":{"criteria":{"has_stripped_logs":"2024-10-06 03:02:31 -0500"},"done":true},"minecraft:recipes/building_blocks/stripped_spruce_wood":{"criteria":{"has_log":"2024-10-06 03:02:31 -0500"},"done":true},"minecraft:recipes/building_blocks/stripped_cherry_wood":{"criteria":{"has_log":"2024-10-06 04:32:43 -0500"},"done":true},"minecraft:recipes/building_blocks/cherry_planks":{"criteria":{"has_log":"2024-10-06 04:32:43 -0500"},"done":true},"minecraft:recipes/decorations/cherry_hanging_sign":{"criteria":{"has_stripped_logs":"2024-10-06 04:32:43 -0500"},"done":true},"minecraft:recipes/building_blocks/cherry_wood":{"criteria":{"has_log":"2024-10-06 05:01:08 -0500"},"done":true},"minecraft:recipes/building_blocks/chiseled_nether_bricks":{"criteria":{"has_nether_brick_slab":"2024-10-06 05:08:52 -0500"},"done":true},"minecraft:recipes/building_blocks/cracked_nether_bricks":{"criteria":{"has_nether_bricks":"2024-10-06 05:22:29 -0500"},"done":true},"minecraft:recipes/building_blocks/chiseled_nether_bricks_from_nether_bricks_stonecutting":{"criteria":{"has_nether_bricks":"2024-10-06 05:22:29 -0500"},"done":true},"minecraft:recipes/building_blocks/nether_brick_stairs":{"criteria":{"has_nether_bricks":"2024-10-06 05:22:29 -0500"},"done":true},"minecraft:recipes/building_blocks/nether_brick_slab":{"criteria":{"has_nether_bricks":"2024-10-06 05:22:29 -0500"},"done":true},"minecraft:recipes/decorations/nether_brick_wall_from_nether_bricks_stonecutting":{"criteria":{"has_nether_bricks":"2024-10-06 05:22:29 -0500"},"done":true},"minecraft:recipes/building_blocks/nether_brick_stairs_from_nether_bricks_stonecutting":{"criteria":{"has_nether_bricks":"2024-10-06 05:22:29 -0500"},"done":true},"minecraft:recipes/building_blocks/nether_brick_slab_from_nether_bricks_stonecutting":{"criteria":{"has_nether_bricks":"2024-10-06 05:22:29 -0500"},"done":true},"minecraft:recipes/decorations/nether_brick_wall":{"criteria":{"has_nether_bricks":"2024-10-06 05:22:29 -0500"},"done":true},"minecraft:recipes/decorations/nether_brick_fence":{"criteria":{"has_nether_bricks":"2024-10-06 05:22:29 -0500"},"done":true},"minecraft:recipes/misc/pink_dye_from_pink_petals":{"criteria":{"has_pink_petals":"2024-10-06 05:29:44 -0500"},"done":true},"minecraft:recipes/misc/red_dye_from_tulip":{"criteria":{"has_red_flower":"2024-10-06 06:02:20 -0500"},"done":true},"minecraft:recipes/transportation/chest_minecart":{"criteria":{"has_minecart":"2024-10-06 07:10:29 -0500"},"done":true},"minecraft:husbandry/tame_an_animal":{"criteria":{"tamed_animal":"2024-10-06 07:51:23 -0500"},"done":true},"minecraft:husbandry/whole_pack":{"criteria":{"minecraft:pale":"2024-10-06 07:59:39 -0500"},"done":false},"minecraft:recipes/transportation/furnace_minecart":{"criteria":{"has_minecart":"2024-10-06 07:10:29 -0500"},"done":true},"minecraft:recipes/transportation/hopper_minecart":{"criteria":{"has_minecart":"2024-10-06 07:10:29 -0500"},"done":true},"minecraft:husbandry/bred_all_animals":{"criteria":{"minecraft:cat":"2024-10-06 07:42:12 -0500","minecraft:pig":"2024-10-06 08:40:00 -0500"},"done":false},"minecraft:recipes/redstone/redstone_torch":{"criteria":{"has_redstone":"2024-10-06 07:27:42 -0500"},"done":true},"minecraft:recipes/tools/clock":{"criteria":{"has_redstone":"2024-10-06 07:27:42 -0500"},"done":true},"minecraft:recipes/redstone/dropper":{"criteria":{"has_redstone":"2024-10-06 07:27:42 -0500"},"done":true},"minecraft:recipes/transportation/carrot_on_a_stick":{"criteria":{"has_carrot":"2024-10-06 08:39:50 -0500"},"done":true},"minecraft:recipes/redstone/redstone_block":{"criteria":{"has_redstone":"2024-10-06 07:27:42 -0500"},"done":true},"minecraft:recipes/transportation/tnt_minecart":{"criteria":{"has_minecart":"2024-10-06 07:10:29 -0500"},"done":true},"minecraft:recipes/redstone/redstone":{"criteria":{"has_redstone_block":"2024-10-06 07:13:10 -0500"},"done":true},"minecraft:recipes/redstone/note_block":{"criteria":{"has_redstone":"2024-10-06 07:27:42 -0500"},"done":true},"minecraft:recipes/redstone/target":{"criteria":{"has_redstone":"2024-10-06 07:27:42 -0500"},"done":true},"minecraft:recipes/tools/compass":{"criteria":{"has_redstone":"2024-10-06 07:27:42 -0500"},"done":true},"minecraft:husbandry/breed_an_animal":{"criteria":{"bred":"2024-10-06 07:42:12 -0500"},"done":true},"minecraft:recipes/redstone/piston":{"criteria":{"has_redstone":"2024-10-06 07:27:42 -0500"},"done":true},"minecraft:husbandry/complete_catalogue":{"criteria":{"minecraft:white":"2024-10-06 07:53:15 -0500","minecraft:tabby":"2024-10-06 08:02:25 -0500","minecraft:calico":"2024-10-06 07:51:23 -0500","minecraft:siamese":"2024-10-06 07:51:48 -0500","minecraft:persian":"2024-10-06 08:02:32 -0500","minecraft:jellie":"2024-10-06 08:02:44 -0500","minecraft:black":"2024-10-06 08:02:55 -0500","minecraft:all_black":"2024-10-06 07:51:55 -0500","minecraft:ragdoll":"2024-10-06 08:02:27 -0500","minecraft:red":"2024-10-06 07:53:21 -0500"},"done":false},"minecraft:recipes/transportation/rail":{"criteria":{"has_minecart":"2024-10-06 07:10:29 -0500"},"done":true},"DataVersion":3955}