{"minecraft:recipes/decorations/crafting_table":{"criteria":{"unlock_right_away":"2024-09-27 02:21:55 -0500"},"done":true},"minecraft:adventure/adventuring_time":{"criteria":{"minecraft:flower_forest":"2024-09-27 02:26:03 -0500","minecraft:beach":"2024-09-27 02:25:48 -0500","minecraft:forest":"2024-09-30 22:14:31 -0500","minecraft:plains":"2024-09-27 02:21:56 -0500"},"done":false},"minecraft:recipes/misc/pink_dye_from_pink_tulip":{"criteria":{"has_pink_tulip":"2024-09-27 02:27:53 -0500"},"done":true},"minecraft:recipes/redstone/redstone_lamp":{"criteria":{"has_glowstone":"2024-09-27 02:28:04 -0500"},"done":true},"minecraft:recipes/building_blocks/oak_slab":{"criteria":{"has_planks":"2024-09-27 02:28:07 -0500"},"done":true},"minecraft:recipes/decorations/oak_sign":{"criteria":{"has_planks":"2024-09-27 02:28:07 -0500"},"done":true},"minecraft:recipes/redstone/oak_trapdoor":{"criteria":{"has_planks":"2024-09-27 02:28:07 -0500"},"done":true},"minecraft:recipes/redstone/oak_fence_gate":{"criteria":{"has_planks":"2024-09-27 02:28:07 -0500"},"done":true},"minecraft:recipes/redstone/oak_pressure_plate":{"criteria":{"has_planks":"2024-09-27 02:28:07 -0500"},"done":true},"minecraft:recipes/redstone/oak_door":{"criteria":{"has_planks":"2024-09-27 02:28:07 -0500"},"done":true},"minecraft:recipes/misc/stick":{"criteria":{"has_planks":"2024-09-27 02:28:07 -0500"},"done":true},"minecraft:recipes/building_blocks/oak_stairs":{"criteria":{"has_planks":"2024-09-27 02:28:07 -0500"},"done":true},"minecraft:recipes/decorations/oak_fence":{"criteria":{"has_planks":"2024-09-27 02:28:07 -0500"},"done":true},"minecraft:recipes/decorations/barrel":{"criteria":{"has_planks":"2024-09-27 02:28:07 -0500"},"done":true},"minecraft:recipes/redstone/oak_button":{"criteria":{"has_planks":"2024-09-27 02:28:07 -0500"},"done":true},"minecraft:recipes/misc/iron_nugget_from_smelting":{"criteria":{"has_iron_pickaxe":"2024-09-27 02:28:26 -0500"},"done":true},"minecraft:story/iron_tools":{"criteria":{"iron_pickaxe":"2024-09-27 02:28:26 -0500"},"done":true},"minecraft:recipes/decorations/chest":{"criteria":{"has_lots_of_items":"2024-09-27 02:28:26 -0500"},"done":true},"minecraft:recipes/misc/iron_nugget_from_blasting":{"criteria":{"has_iron_pickaxe":"2024-09-27 02:28:26 -0500"},"done":true},"minecraft:story/obtain_armor":{"criteria":{"iron_helmet":"2024-09-27 02:28:55 -0500"},"done":true},"minecraft:adventure/root":{"criteria":{"killed_by_something":"2024-09-27 02:31:40 -0500"},"done":true},"minecraft:adventure/sleep_in_bed":{"criteria":{"slept_in_bed":"2024-09-27 02:33:20 -0500"},"done":true},"minecraft:recipes/transportation/mangrove_boat":{"criteria":{"in_water":"2024-09-27 02:35:57 -0500"},"done":true},"minecraft:recipes/transportation/acacia_boat":{"criteria":{"in_water":"2024-09-27 02:35:57 -0500"},"done":true},"minecraft:recipes/transportation/cherry_boat":{"criteria":{"in_water":"2024-09-27 02:35:57 -0500"},"done":true},"minecraft:recipes/transportation/bamboo_raft":{"criteria":{"in_water":"2024-09-27 02:35:57 -0500"},"done":true},"minecraft:recipes/transportation/spruce_boat":{"criteria":{"in_water":"2024-09-27 02:35:57 -0500"},"done":true},"minecraft:recipes/transportation/birch_boat":{"criteria":{"in_water":"2024-09-27 02:35:57 -0500"},"done":true},"minecraft:recipes/transportation/oak_boat":{"criteria":{"in_water":"2024-09-27 02:35:57 -0500"},"done":true},"minecraft:recipes/transportation/jungle_boat":{"criteria":{"in_water":"2024-09-27 02:35:57 -0500"},"done":true},"minecraft:recipes/transportation/dark_oak_boat":{"criteria":{"in_water":"2024-09-27 02:35:57 -0500"},"done":true},"minecraft:recipes/decorations/ladder":{"criteria":{"has_stick":"2024-09-27 02:37:29 -0500"},"done":true},"minecraft:recipes/decorations/campfire":{"criteria":{"has_stick":"2024-09-27 02:37:29 -0500"},"done":true},"minecraft:recipes/tools/wooden_hoe":{"criteria":{"has_stick":"2024-09-27 02:37:29 -0500"},"done":true},"minecraft:recipes/tools/wooden_pickaxe":{"criteria":{"has_stick":"2024-09-27 02:37:29 -0500"},"done":true},"minecraft:recipes/tools/wooden_axe":{"criteria":{"has_stick":"2024-09-27 02:37:29 -0500"},"done":true},"minecraft:recipes/tools/wooden_shovel":{"criteria":{"has_stick":"2024-09-27 02:37:29 -0500"},"done":true},"minecraft:recipes/combat/wooden_sword":{"criteria":{"has_stick":"2024-09-27 02:37:29 -0500"},"done":true},"minecraft:recipes/combat/leather_helmet":{"criteria":{"has_leather":"2024-09-27 02:37:54 -0500"},"done":true},"minecraft:recipes/combat/leather_leggings":{"criteria":{"has_leather":"2024-09-27 02:37:54 -0500"},"done":true},"minecraft:recipes/food/cooked_beef_from_smoking":{"criteria":{"has_beef":"2024-09-27 02:37:54 -0500"},"done":true},"minecraft:recipes/decorations/item_frame":{"criteria":{"has_leather":"2024-09-27 02:37:54 -0500"},"done":true},"minecraft:recipes/combat/leather_chestplate":{"criteria":{"has_leather":"2024-09-27 02:37:54 -0500"},"done":true},"minecraft:recipes/combat/leather_boots":{"criteria":{"has_leather":"2024-09-27 02:37:54 -0500"},"done":true},"minecraft:recipes/misc/leather_horse_armor":{"criteria":{"has_leather":"2024-09-27 02:37:54 -0500"},"done":true},"minecraft:recipes/food/cooked_beef":{"criteria":{"has_beef":"2024-09-27 02:37:54 -0500"},"done":true},"minecraft:recipes/food/cooked_beef_from_campfire_cooking":{"criteria":{"has_beef":"2024-09-27 02:37:54 -0500"},"done":true},"minecraft:recipes/misc/blue_dye_from_cornflower":{"criteria":{"has_cornflower":"2024-09-27 02:38:19 -0500"},"done":true},"minecraft:recipes/misc/flower_banner_pattern":{"criteria":{"has_oxeye_daisy":"2024-09-27 02:38:21 -0500"},"done":true},"minecraft:recipes/misc/light_gray_dye_from_oxeye_daisy":{"criteria":{"has_oxeye_daisy":"2024-09-27 02:38:21 -0500"},"done":true},"minecraft:recipes/misc/charcoal":{"criteria":{"has_log":"2024-09-27 02:38:53 -0500"},"done":true},"minecraft:recipes/building_blocks/oak_planks":{"criteria":{"has_logs":"2024-09-27 02:38:53 -0500"},"done":true},"minecraft:recipes/building_blocks/oak_wood":{"criteria":{"has_log":"2024-09-27 02:38:53 -0500"},"done":true},"minecraft:recipes/misc/bone_meal":{"criteria":{"has_bone":"2024-09-27 02:39:06 -0500"},"done":true},"minecraft:husbandry/balanced_diet":{"criteria":{"cooked_chicken":"2024-09-27 02:42:59 -0500","cooked_mutton":"2024-09-30 22:22:28 -0500","beef":"2024-09-27 02:41:58 -0500"},"done":false},"minecraft:husbandry/root":{"criteria":{"consumed_item":"2024-09-27 02:41:58 -0500"},"done":true},"minecraft:recipes/decorations/white_banner":{"criteria":{"has_white_wool":"2024-09-27 02:45:23 -0500"},"done":true},"minecraft:recipes/decorations/painting":{"criteria":{"has_wool":"2024-09-27 02:45:23 -0500"},"done":true},"minecraft:recipes/decorations/white_bed":{"criteria":{"has_white_wool":"2024-09-27 02:45:23 -0500"},"done":true},"minecraft:recipes/decorations/white_carpet":{"criteria":{"has_white_wool":"2024-09-27 02:45:23 -0500"},"done":true},"minecraft:recipes/food/cooked_mutton_from_smoking":{"criteria":{"has_mutton":"2024-09-27 02:45:24 -0500"},"done":true},"minecraft:recipes/food/cooked_mutton":{"criteria":{"has_mutton":"2024-09-27 02:45:24 -0500"},"done":true},"minecraft:recipes/food/cooked_mutton_from_campfire_cooking":{"criteria":{"has_mutton":"2024-09-27 02:45:24 -0500"},"done":true},"minecraft:recipes/redstone/lever":{"criteria":{"has_cobblestone":"2024-09-30 22:33:17 -0500"},"done":true},"minecraft:recipes/redstone/observer":{"criteria":{"has_quartz":"2024-09-30 22:35:39 -0500"},"done":true},"minecraft:recipes/decorations/brown_banner":{"criteria":{"has_brown_wool":"2024-09-30 22:33:17 -0500"},"done":true},"minecraft:recipes/redstone/comparator":{"criteria":{"has_quartz":"2024-09-30 22:35:39 -0500"},"done":true},"minecraft:recipes/decorations/black_bed":{"criteria":{"has_black_wool":"2024-09-30 22:25:41 -0500"},"done":true},"minecraft:recipes/decorations/brown_bed":{"criteria":{"has_brown_wool":"2024-09-30 22:33:17 -0500"},"done":true},"minecraft:recipes/decorations/light_gray_bed":{"criteria":{"has_light_gray_wool":"2024-09-30 22:25:31 -0500"},"done":true},"minecraft:recipes/combat/stone_sword":{"criteria":{"has_cobblestone":"2024-09-30 22:33:17 -0500"},"done":true},"minecraft:recipes/decorations/cobblestone_wall":{"criteria":{"has_cobblestone":"2024-09-30 22:33:17 -0500"},"done":true},"minecraft:recipes/tools/stone_pickaxe":{"criteria":{"has_cobblestone":"2024-09-30 22:33:17 -0500"},"done":true},"minecraft:recipes/decorations/brown_carpet":{"criteria":{"has_brown_wool":"2024-09-30 22:33:17 -0500"},"done":true},"minecraft:nether/explore_nether":{"criteria":{"minecraft:nether_wastes":"2024-09-30 22:34:41 -0500"},"done":false},"minecraft:recipes/tools/stone_axe":{"criteria":{"has_cobblestone":"2024-09-30 22:33:17 -0500"},"done":true},"minecraft:nether/root":{"criteria":{"entered_nether":"2024-09-30 22:34:40 -0500"},"done":true},"minecraft:story/mine_stone":{"criteria":{"get_stone":"2024-09-30 22:33:17 -0500"},"done":true},"minecraft:recipes/decorations/furnace":{"criteria":{"has_cobblestone":"2024-09-30 22:33:17 -0500"},"done":true},"minecraft:story/enter_the_nether":{"criteria":{"entered_nether":"2024-09-30 22:34:40 -0500"},"done":true},"minecraft:recipes/decorations/black_carpet":{"criteria":{"has_black_wool":"2024-09-30 22:25:41 -0500"},"done":true},"minecraft:recipes/building_blocks/cobblestone_slab":{"criteria":{"has_cobblestone":"2024-09-30 22:33:17 -0500"},"done":true},"minecraft:recipes/building_blocks/cobblestone_slab_from_cobblestone_stonecutting":{"criteria":{"has_cobblestone":"2024-09-30 22:33:17 -0500"},"done":true},"minecraft:recipes/decorations/light_gray_banner":{"criteria":{"has_light_gray_wool":"2024-09-30 22:25:31 -0500"},"done":true},"minecraft:recipes/decorations/black_banner":{"criteria":{"has_black_wool":"2024-09-30 22:25:41 -0500"},"done":true},"minecraft:recipes/building_blocks/stone":{"criteria":{"has_cobblestone":"2024-09-30 22:33:17 -0500"},"done":true},"minecraft:recipes/decorations/light_gray_carpet":{"criteria":{"has_light_gray_wool":"2024-09-30 22:25:31 -0500"},"done":true},"minecraft:recipes/decorations/cobblestone_wall_from_cobblestone_stonecutting":{"criteria":{"has_cobblestone":"2024-09-30 22:33:17 -0500"},"done":true},"minecraft:recipes/building_blocks/cobblestone_stairs_from_cobblestone_stonecutting":{"criteria":{"has_cobblestone":"2024-09-30 22:33:17 -0500"},"done":true},"minecraft:recipes/building_blocks/diorite":{"criteria":{"has_quartz":"2024-09-30 22:35:39 -0500"},"done":true},"minecraft:recipes/building_blocks/cobblestone_stairs":{"criteria":{"has_cobblestone":"2024-09-30 22:33:17 -0500"},"done":true},"minecraft:recipes/building_blocks/granite":{"criteria":{"has_quartz":"2024-09-30 22:35:39 -0500"},"done":true},"minecraft:recipes/tools/stone_hoe":{"criteria":{"has_cobblestone":"2024-09-30 22:33:17 -0500"},"done":true},"minecraft:recipes/misc/nether_brick":{"criteria":{"has_netherrack":"2024-09-30 22:36:03 -0500"},"done":true},"minecraft:recipes/building_blocks/coal_block":{"criteria":{"has_coal":"2024-09-30 22:33:17 -0500"},"done":true},"minecraft:recipes/tools/stone_shovel":{"criteria":{"has_cobblestone":"2024-09-30 22:33:17 -0500"},"done":true},"minecraft:recipes/building_blocks/quartz_block":{"criteria":{"has_quartz":"2024-09-30 22:35:39 -0500"},"done":true},"minecraft:recipes/redstone/daylight_detector":{"criteria":{"has_quartz":"2024-09-30 22:35:39 -0500"},"done":true},"DataVersion":3955}