{"stats":{"minecraft:crafted":{"minecraft:smooth_stone":149,"minecraft:oak_planks":1340,"minecraft:oak_sign":3,"minecraft:cooked_chicken":3,"minecraft:stone":1794,"minecraft:cooked_mutton":1,"minecraft:iron_bars":48,"minecraft:deepslate_brick_stairs":248,"minecraft:glass":128,"minecraft:stone_brick_slab":10,"minecraft:iron_boots":1,"minecraft:chest":5,"minecraft:chiseled_stone_bricks":74,"minecraft:stone_hoe":2,"minecraft:stone_bricks":1481,"minecraft:oak_fence":51,"minecraft:oak_slab":144,"minecraft:wooden_shovel":2,"minecraft:cooked_porkchop":4,"minecraft:crafting_table":4,"minecraft:spruce_planks":632,"minecraft:baked_potato":194,"minecraft:iron_helmet":2,"minecraft:spruce_door":6,"minecraft:birch_planks":164,"minecraft:campfire":1,"minecraft:stone_brick_stairs":51,"minecraft:dark_oak_slab":24,"minecraft:iron_chestplate":3,"minecraft:wooden_hoe":1,"minecraft:diamond_pickaxe":2,"minecraft:shield":6,"minecraft:stick":268,"minecraft:iron_ingot":128,"minecraft:iron_pickaxe":9,"minecraft:gold_ingot":3,"minecraft:deepslate_bricks":188,"minecraft:shears":1,"minecraft:stone_shovel":1,"minecraft:fishing_rod":1,"minecraft:smooth_stone_slab":44,"minecraft:furnace":8,"minecraft:dark_oak_trapdoor":42,"minecraft:bone_meal":105,"minecraft:glass_pane":96,"minecraft:spruce_stairs":272,"minecraft:deepslate_brick_wall":4,"minecraft:iron_axe":5,"minecraft:spruce_slab":78,"minecraft:stone_pickaxe":19,"minecraft:cobblestone_wall":120,"minecraft:spruce_boat":2,"minecraft:dark_oak_planks":260,"minecraft:cooked_beef":8,"minecraft:cooked_cod":23,"minecraft:spruce_sign":3,"minecraft:dark_oak_stairs":68,"minecraft:iron_sword":5,"minecraft:cooked_salmon":14,"minecraft:stone_axe":5,"minecraft:bread":12,"minecraft:oak_boat":1,"minecraft:oak_stairs":44,"minecraft:iron_shovel":9,"minecraft:iron_leggings":2,"minecraft:stonecutter":1,"minecraft:torch":904},"minecraft:killed_by":{"minecraft:drowned":2,"minecraft:zombie":1,"minecraft:player":2,"minecraft:skeleton":1},"minecraft:killed":{"minecraft:spider":7,"minecraft:skeleton":11,"minecraft:chicken":1,"minecraft:pig":2,"minecraft:sheep":4,"minecraft:zombie":21,"minecraft:cow":3,"minecraft:drowned":2},"minecraft:custom":{"minecraft:interact_with_crafting_table":149,"minecraft:leave_game":26,"minecraft:time_since_death":27279,"minecraft:sprint_one_cm":4019801,"minecraft:damage_blocked_by_shield":10535,"minecraft:drop":86,"minecraft:talked_to_villager":3,"minecraft:play_time":1511989,"minecraft:deaths":14,"minecraft:jump":9923,"minecraft:walk_on_water_one_cm":93173,"minecraft:interact_with_furnace":298,"minecraft:sleep_in_bed":103,"minecraft:damage_dealt":8770,"minecraft:player_kills":1,"minecraft:crouch_one_cm":171161,"minecraft:mob_kills":52,"minecraft:climb_one_cm":514,"minecraft:walk_one_cm":3332710,"minecraft:sneak_time":85337,"minecraft:walk_under_water_one_cm":26996,"minecraft:boat_one_cm":1994990,"minecraft:total_world_time":1511989,"minecraft:interact_with_stonecutter":62,"minecraft:time_since_rest":2011,"minecraft:damage_taken":13090,"minecraft:swim_one_cm":119782,"minecraft:fly_one_cm":595012,"minecraft:open_chest":487,"minecraft:fish_caught":51,"minecraft:fall_one_cm":185632},"minecraft:dropped":{"minecraft:spruce_sign":1,"minecraft:iron_sword":2,"minecraft:cooked_beef":3,"minecraft:baked_potato":17,"minecraft:rail":5,"minecraft:dirt":15,"minecraft:iron_pickaxe":2,"minecraft:white_wool":7,"minecraft:bone":14,"minecraft:gravel":21,"minecraft:cobbled_deepslate":35,"minecraft:birch_sapling":1,"minecraft:rotten_flesh":40,"minecraft:salmon":1,"minecraft:leather_chestplate":1,"minecraft:arrow":4,"minecraft:glass":63,"minecraft:iron_ingot":10,"minecraft:oak_slab":1,"minecraft:wheat_seeds":3,"minecraft:mossy_cobblestone":1,"minecraft:poisonous_potato":3,"minecraft:iron_helmet":1,"minecraft:cobblestone":39,"minecraft:jungle_slab":2,"minecraft:torch":50,"minecraft:rabbit":1,"minecraft:iron_leggings":1,"minecraft:iron_axe":1,"minecraft:bucket":1,"minecraft:spruce_sapling":1,"minecraft:pink_tulip":2,"minecraft:sweet_berries":34,"minecraft:raw_iron":2,"minecraft:iron_boots":1,"minecraft:white_terracotta":8,"minecraft:stone":102,"minecraft:shield":1,"minecraft:peony":5,"minecraft:iron_chestplate":1,"minecraft:andesite":4,"minecraft:oak_sapling":6,"minecraft:wooden_shovel":2,"minecraft:bow":1},"minecraft:picked_up":{"minecraft:iron_chestplate":2,"minecraft:wheat":125,"minecraft:oak_stairs":13,"minecraft:stone_brick_stairs":16,"minecraft:music_disc_cat":1,"minecraft:string":6,"minecraft:dark_oak_trapdoor":1,"minecraft:raw_copper":86,"minecraft:smooth_stone_slab":5,"minecraft:iron_leggings":1,"minecraft:pufferfish":5,"minecraft:cobbled_deepslate":699,"minecraft:smooth_stone":16,"minecraft:bucket":1,"minecraft:spruce_planks":61,"minecraft:white_tulip":1,"minecraft:rose_bush":5,"minecraft:wooden_shovel":5,"minecraft:iron_pickaxe":16,"minecraft:furnace":2,"minecraft:iron_boots":5,"minecraft:stick":279,"minecraft:oak_fence":2,"minecraft:torch":340,"minecraft:spruce_stairs":47,"minecraft:porkchop":4,"minecraft:diorite":42,"minecraft:rotten_flesh":66,"minecraft:tropical_fish":3,"minecraft:white_terracotta":24,"minecraft:deepslate_brick_stairs":25,"minecraft:cod":34,"minecraft:cobblestone":3607,"minecraft:birch_log":156,"minecraft:leather_chestplate":7,"minecraft:lilac":24,"minecraft:feather":12,"minecraft:cooked_beef":14,"minecraft:andesite":117,"minecraft:black_bed":10,"minecraft:golden_leggings":1,"minecraft:potato":439,"minecraft:flint":19,"minecraft:tuff":24,"minecraft:dirt":2195,"minecraft:lapis_lazuli":261,"minecraft:stripped_birch_log":1,"minecraft:name_tag":1,"minecraft:leather_boots":1,"minecraft:glass":63,"minecraft:bone":59,"minecraft:bow":2,"minecraft:orange_tulip":10,"minecraft:wheat_seeds":295,"minecraft:raw_gold":3,"minecraft:rabbit":2,"minecraft:moss_block":4,"minecraft:oak_planks":176,"minecraft:music_disc_13":1,"minecraft:poisonous_potato":5,"minecraft:sand":250,"minecraft:stripped_spruce_log":93,"minecraft:mossy_cobblestone":3,"minecraft:jungle_slab":2,"minecraft:dark_oak_log":63,"minecraft:diamond":9,"minecraft:spruce_boat":3,"minecraft:granite":383,"minecraft:spruce_sign":1,"minecraft:bread":12,"minecraft:emerald":6,"minecraft:oak_sapling":147,"minecraft:oak_leaves":397,"minecraft:diamond_pickaxe":3,"minecraft:fishing_rod":1,"minecraft:crafting_table":9,"minecraft:ominous_bottle":2,"minecraft:chicken":1,"minecraft:leather_leggings":3,"minecraft:chest_minecart":1,"minecraft:golden_pickaxe":1,"minecraft:brown_mushroom":1,"minecraft:shield":3,"minecraft:iron_axe":11,"minecraft:iron_shovel":3,"minecraft:glass_pane":33,"minecraft:detector_rail":1,"minecraft:beef":11,"minecraft:iron_nugget":37,"minecraft:spruce_slab":4,"minecraft:sugar_cane":42,"minecraft:chest":22,"minecraft:birch_sapling":18,"minecraft:raw_iron":248,"minecraft:sandstone":1,"minecraft:stone":102,"minecraft:copper_ingot":5,"minecraft:carrot":5,"minecraft:redstone":27,"minecraft:prismarine_crystals":10,"minecraft:tnt":2,"minecraft:arrow":21,"minecraft:cooked_cod":5,"minecraft:peony":25,"minecraft:deepslate_bricks":2,"minecraft:pink_tulip":3,"minecraft:gold_ingot":8,"minecraft:polished_blackstone":14,"minecraft:mutton":7,"minecraft:white_wool":13,"minecraft:rail":10,"minecraft:oxeye_daisy":12,"minecraft:stripped_oak_log":4,"minecraft:birch_leaves":28,"minecraft:salmon":10,"minecraft:leather":12,"minecraft:birch_planks":15,"minecraft:filled_map":3,"minecraft:oak_log":758,"minecraft:lily_pad":1,"minecraft:cobblestone_wall":2,"minecraft:gunpowder":26,"minecraft:paper":47,"minecraft:cooked_mutton":2,"minecraft:apple":21,"minecraft:stone_bricks":187,"minecraft:heart_of_the_sea":1,"minecraft:iron_ingot":28,"minecraft:stone_pickaxe":4,"minecraft:cooked_chicken":41,"minecraft:iron_sword":13,"minecraft:verdant_froglight":2,"minecraft:dark_oak_stairs":3,"minecraft:oak_slab":76,"minecraft:pink_bed":2,"minecraft:dark_oak_slab":1,"minecraft:pumpkin":24,"minecraft:sweet_berries":62,"minecraft:chiseled_stone_bricks":2,"minecraft:stone_brick_slab":2,"minecraft:dandelion":13,"minecraft:gravel":226,"minecraft:lava_bucket":2,"minecraft:spruce_sapling":51,"minecraft:white_bed":16,"minecraft:spruce_log":415,"minecraft:spruce_door":6,"minecraft:spider_eye":1,"minecraft:stone_axe":2,"minecraft:short_grass":1,"minecraft:iron_helmet":2,"minecraft:baked_potato":57,"minecraft:stripped_dark_oak_log":93,"minecraft:coal":1203},"minecraft:used":{"minecraft:iron_shovel":2101,"minecraft:spruce_slab":67,"minecraft:chest":16,"minecraft:shield":176,"minecraft:iron_sword":345,"minecraft:stripped_spruce_log":84,"minecraft:spruce_boat":4,"minecraft:glass":8,"minecraft:birch_sapling":2,"minecraft:dark_oak_slab":3,"minecraft:stone_brick_stairs":57,"minecraft:stone_bricks":1526,"minecraft:sweet_berries":19,"minecraft:furnace":9,"minecraft:cooked_cod":31,"minecraft:potato":145,"minecraft:deepslate_brick_wall":4,"minecraft:short_grass":1,"minecraft:dark_oak_stairs":43,"minecraft:spruce_door":6,"minecraft:stone_pickaxe":2461,"minecraft:oak_planks":1115,"minecraft:leather_chestplate":2,"minecraft:sandstone":1,"minecraft:white_wool":1,"minecraft:dark_oak_trapdoor":43,"minecraft:sand":33,"minecraft:black_bed":10,"minecraft:shears":233,"minecraft:deepslate_brick_stairs":255,"minecraft:dark_oak_log":40,"minecraft:bread":12,"minecraft:birch_log":5,"minecraft:andesite":16,"minecraft:smooth_stone_slab":33,"minecraft:oak_boat":1,"minecraft:bone_meal":105,"minecraft:experience_bottle":1,"minecraft:oak_fence":47,"minecraft:rose_bush":5,"minecraft:iron_bars":42,"minecraft:stone_shovel":131,"minecraft:spruce_planks":12,"minecraft:wooden_shovel":93,"minecraft:cooked_salmon":15,"minecraft:cooked_chicken":44,"minecraft:torch":822,"minecraft:dirt":1359,"minecraft:spruce_stairs":314,"minecraft:cobblestone_wall":114,"minecraft:granite":123,"minecraft:stone_brick_slab":11,"minecraft:iron_axe":1737,"minecraft:oak_stairs":48,"minecraft:iron_boots":2,"minecraft:cooked_beef":13,"minecraft:cobbled_deepslate":18,"minecraft:iron_leggings":1,"minecraft:wheat_seeds":139,"minecraft:cooked_mutton":3,"minecraft:birch_planks":131,"minecraft:baked_potato":130,"minecraft:spruce_sign":3,"minecraft:stonecutter":1,"minecraft:deepslate_bricks":166,"minecraft:stripped_dark_oak_log":51,"minecraft:oak_slab":169,"minecraft:crafting_table":9,"minecraft:campfire":1,"minecraft:white_bed":11,"minecraft:spruce_log":193,"minecraft:oak_log":142,"minecraft:wooden_hoe":64,"minecraft:apple":18,"minecraft:diamond_pickaxe":1084,"minecraft:iron_pickaxe":2087,"minecraft:spruce_sapling":33,"minecraft:stone_axe":277,"minecraft:pink_bed":1,"minecraft:chiseled_stone_bricks":67,"minecraft:fishing_rod":71,"minecraft:cobblestone":150,"minecraft:cooked_porkchop":4,"minecraft:glass_pane":65,"minecraft:smooth_stone":93},"minecraft:mined":{"minecraft:white_bed":11,"minecraft:oak_sapling":2,"minecraft:granite":282,"minecraft:grass_block":1463,"minecraft:deepslate_bricks":2,"minecraft:oxeye_daisy":2,"minecraft:chiseled_stone_bricks":2,"minecraft:smooth_stone":16,"minecraft:dark_oak_trapdoor":1,"minecraft:cobbled_deepslate":3,"minecraft:iron_ore":184,"minecraft:pumpkin":9,"minecraft:deepslate_lapis_ore":7,"minecraft:dark_oak_stairs":3,"minecraft:dirt_path":245,"minecraft:oak_stairs":13,"minecraft:deepslate_brick_stairs":31,"minecraft:spruce_slab":3,"minecraft:deepslate_redstone_ore":7,"minecraft:brown_mushroom":1,"minecraft:kelp_plant":1,"minecraft:clay":1,"minecraft:torch":23,"minecraft:chest":10,"minecraft:glass":8,"minecraft:cobblestone":7,"minecraft:sugar_cane":11,"minecraft:oak_planks":61,"minecraft:wall_torch":8,"minecraft:white_terracotta":5,"minecraft:verdant_froglight":1,"minecraft:dark_oak_slab":1,"minecraft:birch_log":145,"minecraft:wheat":100,"minecraft:lilac":8,"minecraft:black_bed":8,"minecraft:stone_brick_stairs":16,"minecraft:smooth_stone_slab":5,"minecraft:oak_log":507,"minecraft:sand":278,"minecraft:dirt":361,"minecraft:oak_leaves":345,"minecraft:deepslate":692,"minecraft:tuff":25,"minecraft:mossy_cobblestone":2,"minecraft:deepslate_diamond_ore":9,"minecraft:stripped_birch_log":1,"minecraft:glow_lichen":1,"minecraft:spruce_leaves":129,"minecraft:sandstone":22,"minecraft:large_fern":4,"minecraft:furnace":1,"minecraft:andesite":118,"minecraft:stripped_spruce_log":94,"minecraft:peony":6,"minecraft:potatoes":118,"minecraft:deepslate_iron_ore":14,"minecraft:stripped_oak_log":5,"minecraft:stone":3221,"minecraft:podzol":1,"minecraft:oak_slab":76,"minecraft:glass_pane":17,"minecraft:lily_of_the_valley":1,"minecraft:stripped_dark_oak_log":91,"minecraft:stone_brick_slab":2,"minecraft:dandelion":4,"minecraft:spruce_door":2,"minecraft:crafting_table":5,"minecraft:short_grass":104,"minecraft:rose_bush":5,"minecraft:tall_grass":28,"minecraft:copper_ore":18,"minecraft:lapis_ore":29,"minecraft:deepslate_gold_ore":3,"minecraft:diorite":32,"minecraft:spruce_stairs":55,"minecraft:birch_planks":15,"minecraft:coarse_dirt":2,"minecraft:cobblestone_wall":2,"minecraft:sweet_berry_bush":9,"minecraft:spruce_log":399,"minecraft:birch_leaves":29,"minecraft:coal_ore":711,"minecraft:gravel":225,"minecraft:polished_blackstone":7,"minecraft:stone_bricks":98,"minecraft:fern":9},"minecraft:broken":{"minecraft:iron_shovel":8,"minecraft:wooden_shovel":1,"minecraft:shears":1,"minecraft:stone_pickaxe":18,"minecraft:stone_axe":2,"minecraft:iron_sword":1,"minecraft:stone_shovel":1,"minecraft:shield":2,"minecraft:iron_axe":6,"minecraft:iron_pickaxe":8,"minecraft:wooden_hoe":1}},"DataVersion":3955}