{"stats":{"minecraft:broken":{"minecraft:stone_sword":2,"minecraft:wooden_pickaxe":1,"minecraft:stone_pickaxe":6,"minecraft:wooden_sword":1,"minecraft:stone_axe":2,"minecraft:wooden_axe":1,"minecraft:stone_shovel":2},"minecraft:used":{"minecraft:stone_sword":398,"minecraft:iron_shovel":4,"minecraft:stone_shovel":348,"minecraft:chest":14,"minecraft:stone":3,"minecraft:cooked_chicken":2,"minecraft:stone_hoe":3,"minecraft:oak_door":1,"minecraft:torch":36,"minecraft:dirt":286,"minecraft:mutton":4,"minecraft:azure_bluet":1,"minecraft:milk_bucket":3,"minecraft:birch_door":11,"minecraft:glass":1,"minecraft:iron_hoe":66,"minecraft:stone_brick_slab":2,"minecraft:wooden_axe":78,"minecraft:iron_axe":70,"minecraft:birch_sapling":1,"minecraft:stone_bricks":334,"minecraft:beef":4,"minecraft:furnace":6,"minecraft:oak_sapling":20,"minecraft:egg":1,"minecraft:wheat_seeds":254,"minecraft:cooked_mutton":2,"minecraft:water_bucket":42,"minecraft:birch_planks":6,"minecraft:stone_pickaxe":828,"minecraft:wooden_pickaxe":63,"minecraft:stonecutter":3,"minecraft:blue_bed":2,"minecraft:sand":5,"minecraft:crafting_table":7,"minecraft:yellow_stained_glass_pane":74,"minecraft:campfire":1,"minecraft:white_bed":8,"minecraft:black_bed":10,"minecraft:iron_pickaxe":26,"minecraft:chicken":10,"minecraft:stone_axe":543,"minecraft:pink_bed":2,"minecraft:wooden_sword":59,"minecraft:cobblestone":17,"minecraft:cooked_porkchop":62,"minecraft:porkchop":14,"minecraft:bucket":42,"minecraft:birch_log":43,"minecraft:glass_pane":3,"minecraft:stripped_oak_log":1,"minecraft:gray_wool":1},"minecraft:crafted":{"minecraft:wooden_sword":1,"minecraft:oak_planks":304,"minecraft:stone_shovel":3,"minecraft:fishing_rod":2,"minecraft:cooked_chicken":1,"minecraft:furnace":2,"minecraft:stone":292,"minecraft:pink_dye":17,"minecraft:glass_pane":96,"minecraft:glass":38,"minecraft:stone_brick_slab":16,"minecraft:iron_boots":1,"minecraft:stone_pickaxe":7,"minecraft:chest":6,"minecraft:birch_door":6,"minecraft:stone_hoe":1,"minecraft:magenta_dye":16,"minecraft:stone_bricks":277,"minecraft:red_dye":19,"minecraft:crafting_table":2,"minecraft:wooden_pickaxe":1,"minecraft:iron_helmet":2,"minecraft:blue_bed":1,"minecraft:yellow_stained_glass_pane":80,"minecraft:birch_planks":24,"minecraft:bucket":1,"minecraft:campfire":1,"minecraft:stone_axe":3,"minecraft:orange_dye":51,"minecraft:bread":52,"minecraft:blue_dye":21,"minecraft:iron_chestplate":1,"minecraft:purple_dye":2,"minecraft:yellow_dye":54,"minecraft:stick":56,"minecraft:iron_ingot":19,"minecraft:wooden_axe":2,"minecraft:stone_sword":4,"minecraft:blue_wool":3,"minecraft:iron_leggings":1,"minecraft:stonecutter":1,"minecraft:light_gray_dye":22,"minecraft:white_bed":1,"minecraft:torch":48},"minecraft:custom":{"minecraft:mob_kills":83,"minecraft:inspect_hopper":3,"minecraft:interact_with_crafting_table":82,"minecraft:interact_with_campfire":26,"minecraft:leave_game":24,"minecraft:time_since_death":16774,"minecraft:sprint_one_cm":1007937,"minecraft:walk_one_cm":1647774,"minecraft:drop":5,"minecraft:talked_to_villager":1,"minecraft:play_time":589300,"minecraft:deaths":9,"minecraft:sneak_time":40,"minecraft:walk_under_water_one_cm":20832,"minecraft:boat_one_cm":549946,"minecraft:jump":3568,"minecraft:walk_on_water_one_cm":53133,"minecraft:total_world_time":589300,"minecraft:interact_with_furnace":113,"minecraft:interact_with_stonecutter":29,"minecraft:sleep_in_bed":68,"minecraft:time_since_rest":9805,"minecraft:damage_taken":7845,"minecraft:damage_dealt":8479,"minecraft:swim_one_cm":23599,"minecraft:fly_one_cm":117560,"minecraft:open_chest":142,"minecraft:fall_one_cm":31946},"minecraft:picked_up":{"minecraft:wooden_axe":5,"minecraft:birch_door":7,"minecraft:seagrass":2,"minecraft:charcoal":11,"minecraft:iron_chestplate":3,"minecraft:crafting_table":8,"minecraft:allium":19,"minecraft:wheat":170,"minecraft:azure_bluet":5,"minecraft:chicken":15,"minecraft:wooden_pickaxe":1,"minecraft:potion":2,"minecraft:cornflower":22,"minecraft:string":17,"minecraft:raw_copper":21,"minecraft:iron_axe":1,"minecraft:cooked_salmon":4,"minecraft:wooden_sword":3,"minecraft:iron_leggings":3,"minecraft:iron_shovel":1,"minecraft:oak_sign":2,"minecraft:bucket":2,"minecraft:beef":4,"minecraft:white_tulip":11,"minecraft:poppy":13,"minecraft:iron_pickaxe":1,"minecraft:light_gray_wool":1,"minecraft:enchanted_golden_apple":1,"minecraft:sugar_cane":26,"minecraft:chest":8,"minecraft:birch_sapling":2,"minecraft:egg":6,"minecraft:iron_boots":3,"minecraft:furnace":4,"minecraft:stick":54,"minecraft:raw_iron":70,"minecraft:stone":34,"minecraft:oak_door":2,"minecraft:torch":40,"minecraft:porkchop":25,"minecraft:redstone":5,"minecraft:stone_sword":10,"minecraft:arrow":50,"minecraft:rotten_flesh":45,"minecraft:stone_shovel":3,"minecraft:red_tulip":9,"minecraft:pink_tulip":15,"minecraft:mutton":21,"minecraft:white_wool":13,"minecraft:cobblestone":692,"minecraft:oxeye_daisy":9,"minecraft:stripped_oak_log":4,"minecraft:sponge":2,"minecraft:birch_log":128,"minecraft:feather":26,"minecraft:lilac":15,"minecraft:salmon":4,"minecraft:andesite":4,"minecraft:black_bed":10,"minecraft:birch_planks":4,"minecraft:oak_log":203,"minecraft:golden_boots":1,"minecraft:gunpowder":1,"minecraft:blue_bed":1,"minecraft:lapis_lazuli":16,"minecraft:dirt":565,"minecraft:cooked_mutton":13,"minecraft:glass":33,"minecraft:bone":41,"minecraft:apple":5,"minecraft:stone_bricks":58,"minecraft:kelp":106,"minecraft:stonecutter":2,"minecraft:wheat_seeds":624,"minecraft:orange_tulip":52,"minecraft:rabbit_hide":1,"minecraft:stone_pickaxe":8,"minecraft:iron_ingot":51,"minecraft:cooked_chicken":5,"minecraft:rabbit":1,"minecraft:glass_bottle":1,"minecraft:stone_hoe":1,"minecraft:oak_planks":43,"minecraft:pink_bed":2,"minecraft:cooked_porkchop":108,"minecraft:stone_brick_slab":2,"minecraft:dandelion":61,"minecraft:gravel":1,"minecraft:sand":43,"minecraft:ink_sac":4,"minecraft:white_bed":8,"minecraft:grass_block":2,"minecraft:spider_eye":8,"minecraft:iron_hoe":1,"minecraft:stone_axe":5,"minecraft:iron_helmet":3,"minecraft:golden_apple":2,"minecraft:gray_wool":1,"minecraft:oak_sapling":26,"minecraft:black_wool":1,"minecraft:coal":360,"minecraft:fishing_rod":1,"minecraft:sunflower":3},"minecraft:killed":{"minecraft:zombified_piglin":1,"minecraft:witch":1,"minecraft:spider":9,"minecraft:skeleton":6,"minecraft:chicken":16,"minecraft:turtle":1,"minecraft:pig":10,"minecraft:zombie_villager":1,"minecraft:salmon":4,"minecraft:rabbit":1,"minecraft:squid":1,"minecraft:sheep":15,"minecraft:zombie":8,"minecraft:cow":2},"minecraft:mined":{"minecraft:white_bed":7,"minecraft:pink_bed":2,"minecraft:allium":21,"minecraft:grass_block":356,"minecraft:oxeye_daisy":11,"minecraft:furnace":3,"minecraft:iron_ore":44,"minecraft:andesite":5,"minecraft:azure_bluet":5,"minecraft:red_tulip":12,"minecraft:dirt_path":2,"minecraft:stripped_oak_log":3,"minecraft:pink_tulip":16,"minecraft:white_tulip":10,"minecraft:stone":549,"minecraft:glass_pane":3,"minecraft:stone_brick_slab":2,"minecraft:dandelion":60,"minecraft:cornflower":26,"minecraft:crafting_table":5,"minecraft:torch":9,"minecraft:short_grass":349,"minecraft:poppy":12,"minecraft:chest":6,"minecraft:copper_ore":6,"minecraft:tall_grass":74,"minecraft:lapis_ore":2,"minecraft:sugar_cane":12,"minecraft:oak_planks":20,"minecraft:blue_bed":1,"minecraft:iron_door":1,"minecraft:wall_torch":16,"minecraft:birch_planks":4,"minecraft:birch_log":84,"minecraft:wheat":172,"minecraft:lilac":15,"minecraft:birch_leaves":25,"minecraft:birch_door":3,"minecraft:orange_tulip":47,"minecraft:black_bed":10,"minecraft:bee_nest":1,"minecraft:yellow_stained_glass_pane":14,"minecraft:coal_ore":134,"minecraft:oak_log":133,"minecraft:sunflower":1,"minecraft:gravel":1,"minecraft:sand":43,"minecraft:dirt":88,"minecraft:stonecutter":2,"minecraft:stone_bricks":58,"minecraft:oak_leaves":321},"minecraft:dropped":{"minecraft:iron_ingot":18,"minecraft:dirt":3,"minecraft:potion":1,"minecraft:oak_planks":5,"minecraft:glass":31},"minecraft:killed_by":{"minecraft:spider":1,"minecraft:enderman":1,"minecraft:skeleton":4,"minecraft:zombie":1}},"DataVersion":3955}