{"stats":{"minecraft:crafted":{"minecraft:cooked_beef":4,"minecraft:oak_planks":36,"minecraft:cooked_porkchop":4,"minecraft:crafting_table":1,"minecraft:cooked_chicken":1,"minecraft:furnace":1,"minecraft:cooked_mutton":4,"minecraft:charcoal":8},"minecraft:picked_up":{"minecraft:sponge":3,"minecraft:birch_log":73,"minecraft:charcoal":20,"minecraft:crafting_table":14,"minecraft:wheat":2,"minecraft:feather":10,"minecraft:cooked_beef":16,"minecraft:chainmail_boots":7,"minecraft:chicken":1,"minecraft:andesite":16,"minecraft:leather":10,"minecraft:light_gray_dye":15,"minecraft:oak_log":60,"minecraft:chainmail_chestplate":12,"minecraft:golden_sword":11,"minecraft:gunpowder":13,"minecraft:lapis_lazuli":64,"minecraft:string":49,"minecraft:dirt":24,"minecraft:iron_axe":8,"minecraft:cooked_mutton":59,"minecraft:iron_shovel":5,"minecraft:bone":69,"minecraft:oak_sign":12,"minecraft:apple":2,"minecraft:bow":11,"minecraft:wheat_seeds":9,"minecraft:gold_nugget":14,"minecraft:warped_stem":16,"minecraft:bucket":2,"minecraft:beef":4,"minecraft:stone_pickaxe":8,"minecraft:cooked_chicken":9,"minecraft:oak_boat":2,"minecraft:iron_pickaxe":8,"minecraft:chest":20,"minecraft:iron_sword":12,"minecraft:oak_planks":315,"minecraft:spruce_trapdoor":3,"minecraft:furnace":10,"minecraft:oak_slab":10,"minecraft:pink_bed":3,"minecraft:stick":12,"minecraft:orange_dye":25,"minecraft:polished_blackstone_stairs":4,"minecraft:cooked_porkchop":39,"minecraft:oak_fence":60,"minecraft:quartz":2,"minecraft:lava_bucket":2,"minecraft:porkchop":4,"minecraft:sand":6,"minecraft:spider_eye":3,"minecraft:arrow":6,"minecraft:rotten_flesh":23,"minecraft:cooked_cod":275,"minecraft:chainmail_leggings":13,"minecraft:polished_blackstone":2,"minecraft:blue_dye":20,"minecraft:golden_apple":5,"minecraft:coal":561,"minecraft:gray_wool":5,"minecraft:chainmail_helmet":12,"minecraft:pink_dye":8,"minecraft:oak_sapling":21,"minecraft:warped_nylium":3,"minecraft:netherrack":65,"minecraft:mutton":4,"minecraft:cod":8,"minecraft:white_wool":10,"minecraft:cobblestone":113,"minecraft:ender_pearl":6},"minecraft:killed":{"minecraft:pig":3,"minecraft:zombified_piglin":12,"minecraft:salmon":1,"minecraft:spider":1,"minecraft:cod":2,"minecraft:creeper":1,"minecraft:sheep":2,"minecraft:zombie":2,"minecraft:chicken":1,"minecraft:enderman":1,"minecraft:cow":2},"minecraft:dropped":{"minecraft:rotten_flesh":2,"minecraft:enchanted_golden_apple":1,"minecraft:oak_sign":1,"minecraft:polished_blackstone_stairs":4,"minecraft:gunpowder":13,"minecraft:gold_nugget":8,"minecraft:spider_eye":1,"minecraft:bow":2,"minecraft:arrow":6,"minecraft:string":1,"minecraft:bone":8},"minecraft:used":{"minecraft:cooked_mutton":1,"minecraft:iron_shovel":4,"minecraft:stone_pickaxe":15,"minecraft:oak_planks":10,"minecraft:oak_sign":1,"minecraft:ender_pearl":1,"minecraft:chainmail_helmet":2,"minecraft:iron_sword":48,"minecraft:rotten_flesh":1,"minecraft:netherrack":6,"minecraft:golden_apple":1,"minecraft:dirt":2,"minecraft:crafting_table":1,"minecraft:chainmail_chestplate":1,"minecraft:cod":2,"minecraft:oak_log":2,"minecraft:apple":2,"minecraft:iron_axe":91,"minecraft:iron_pickaxe":46,"minecraft:warped_nylium":1,"minecraft:cooked_porkchop":1,"minecraft:chainmail_boots":1,"minecraft:furnace":1,"minecraft:cooked_cod":27,"minecraft:birch_log":5,"minecraft:andesite":7,"minecraft:chainmail_leggings":2},"minecraft:mined":{"minecraft:crafting_table":1,"minecraft:spruce_trapdoor":2,"minecraft:short_grass":3,"minecraft:grass_block":2,"minecraft:cobblestone":6,"minecraft:oak_planks":9,"minecraft:warped_nylium":1,"minecraft:furnace":1,"minecraft:polished_blackstone_stairs":4,"minecraft:fire":1,"minecraft:andesite":10,"minecraft:oak_log":23,"minecraft:oak_sign":1,"minecraft:warped_stem":17,"minecraft:sand":2,"minecraft:polished_blackstone":2,"minecraft:stone":22,"minecraft:netherrack":13,"minecraft:oak_leaves":5},"minecraft:killed_by":{"minecraft:player":1,"minecraft:zombified_piglin":1,"minecraft:skeleton":3,"minecraft:zombie":1,"minecraft:enderman":1},"minecraft:custom":{"minecraft:interact_with_furnace":12,"minecraft:mob_kills":31,"minecraft:interact_with_crafting_table":7,"minecraft:leave_game":2,"minecraft:time_since_death":2728,"minecraft:climb_one_cm":2864,"minecraft:time_since_rest":2772,"minecraft:damage_absorbed":40,"minecraft:sprint_one_cm":270162,"minecraft:damage_taken":3894,"minecraft:walk_one_cm":173862,"minecraft:drop":12,"minecraft:damage_dealt":4279,"minecraft:swim_one_cm":70138,"minecraft:fly_one_cm":252997,"minecraft:open_chest":11,"minecraft:crouch_one_cm":1357,"minecraft:play_time":63306,"minecraft:deaths":13,"minecraft:sneak_time":1501,"minecraft:walk_under_water_one_cm":3690,"minecraft:jump":1205,"minecraft:walk_on_water_one_cm":4517,"minecraft:total_world_time":63306,"minecraft:fall_one_cm":31372}},"DataVersion":3955}