{"stats":{"minecraft:broken":{"minecraft:wooden_shovel":1,"minecraft:stone_axe":1},"minecraft:picked_up":{"minecraft:stripped_oak_log":1,"minecraft:charcoal":11,"minecraft:crafting_table":3,"minecraft:cooked_beef":3,"minecraft:leather":11,"minecraft:oak_stairs":2,"minecraft:oak_log":54,"minecraft:golden_boots":2,"minecraft:dirt":378,"minecraft:leather_boots":2,"minecraft:stone_bricks":34,"minecraft:bow":1,"minecraft:wheat_seeds":12,"minecraft:orange_tulip":2,"minecraft:stone_pickaxe":2,"minecraft:beef":13,"minecraft:enchanted_golden_apple":1,"minecraft:oak_planks":33,"minecraft:furnace":2,"minecraft:oak_slab":28,"minecraft:stick":4,"minecraft:cooked_porkchop":12,"minecraft:oak_fence":22,"minecraft:torch":106,"minecraft:porkchop":7,"minecraft:white_bed":3,"minecraft:spider_eye":2,"minecraft:arrow":2,"minecraft:rotten_flesh":12,"minecraft:stone_axe":1,"minecraft:iron_helmet":2,"minecraft:baked_potato":1,"minecraft:oak_sapling":4,"minecraft:mutton":3,"minecraft:coal":6,"minecraft:white_wool":1,"minecraft:cobblestone":48,"minecraft:oxeye_daisy":1},"minecraft:killed":{"minecraft:pig":4,"minecraft:spider":2,"minecraft:creeper":1,"minecraft:sheep":1,"minecraft:zombie":1,"minecraft:cow":7},"minecraft:mined":{"minecraft:oak_slab":25,"minecraft:white_bed":2,"minecraft:oak_fence":10,"minecraft:crafting_table":2,"minecraft:torch":2,"minecraft:short_grass":33,"minecraft:grass_block":263,"minecraft:tall_grass":11,"minecraft:cobblestone":1,"minecraft:oak_planks":7,"minecraft:oxeye_daisy":1,"minecraft:furnace":1,"minecraft:birch_leaves":2,"minecraft:orange_tulip":1,"minecraft:oak_log":49,"minecraft:coal_ore":2,"minecraft:dirt_path":1,"minecraft:oak_stairs":2,"minecraft:dirt":113,"minecraft:stripped_oak_log":1,"minecraft:stone":40,"minecraft:stone_bricks":34,"minecraft:oak_leaves":6},"minecraft:custom":{"minecraft:interact_with_furnace":19,"minecraft:mob_kills":16,"minecraft:interact_with_crafting_table":20,"minecraft:interact_with_campfire":10,"minecraft:interact_with_stonecutter":5,"minecraft:leave_game":6,"minecraft:time_since_death":62030,"minecraft:sleep_in_bed":15,"minecraft:damage_resisted":17,"minecraft:time_since_rest":3459,"minecraft:sprint_one_cm":458980,"minecraft:damage_taken":2120,"minecraft:walk_one_cm":276757,"minecraft:drop":7,"minecraft:damage_dealt":1845,"minecraft:swim_one_cm":21783,"minecraft:fly_one_cm":269584,"minecraft:open_chest":28,"minecraft:crouch_one_cm":12839,"minecraft:play_time":142119,"minecraft:deaths":2,"minecraft:sneak_time":5590,"minecraft:walk_under_water_one_cm":24613,"minecraft:jump":1653,"minecraft:walk_on_water_one_cm":7161,"minecraft:total_world_time":142119,"minecraft:fall_one_cm":47006},"minecraft:used":{"minecraft:oak_fence":10,"minecraft:cooked_mutton":1,"minecraft:stone_pickaxe":86,"minecraft:baked_potato":1,"minecraft:oak_planks":26,"minecraft:orange_tulip":1,"minecraft:wooden_shovel":61,"minecraft:torch":114,"minecraft:dirt":369,"minecraft:oak_slab":60,"minecraft:crafting_table":1,"minecraft:white_bed":3,"minecraft:oak_log":47,"minecraft:stone_brick_slab":4,"minecraft:oak_stairs":18,"minecraft:stone_bricks":116,"minecraft:stone_axe":174,"minecraft:beef":4,"minecraft:oak_sapling":2,"minecraft:furnace":1,"minecraft:cooked_porkchop":13,"minecraft:cooked_beef":9,"minecraft:enchanted_golden_apple":1},"minecraft:crafted":{"minecraft:cooked_beef":6,"minecraft:oak_slab":36,"minecraft:oak_planks":124,"minecraft:wooden_shovel":1,"minecraft:leather_boots":1,"minecraft:crafting_table":1,"minecraft:furnace":1,"minecraft:stone":84,"minecraft:stone_axe":1,"minecraft:cooked_mutton":1,"minecraft:stone_brick_slab":4,"minecraft:charcoal":11,"minecraft:stick":16,"minecraft:oak_stairs":16,"minecraft:white_bed":1,"minecraft:stone_bricks":82,"minecraft:oak_fence":12},"minecraft:dropped":{"minecraft:orange_tulip":1,"minecraft:rotten_flesh":1,"minecraft:leather":4,"minecraft:oak_sapling":2,"minecraft:bow":1,"minecraft:white_wool":1}},"DataVersion":3955}