{"stats":{"minecraft:crafted":{"minecraft:oak_planks":52,"minecraft:iron_nugget":36,"minecraft:cooked_mutton":4,"minecraft:chest":1,"minecraft:cooked_cod":4,"minecraft:cooked_porkchop":5,"minecraft:crafting_table":1,"minecraft:spruce_planks":32,"minecraft:cooked_salmon":21,"minecraft:bucket":2,"minecraft:bread":5,"minecraft:air":0},"minecraft:picked_up":{"minecraft:iron_chestplate":3,"minecraft:wheat":7,"minecraft:ominous_bottle":1,"minecraft:chicken":2,"minecraft:chest_minecart":1,"minecraft:shield":3,"minecraft:cooked_salmon":5,"minecraft:string":2,"minecraft:iron_axe":2,"minecraft:raw_copper":8,"minecraft:iron_leggings":3,"minecraft:iron_shovel":1,"minecraft:experience_bottle":1,"minecraft:cobbled_deepslate":101,"minecraft:detector_rail":1,"minecraft:bucket":1,"minecraft:beef":3,"minecraft:white_tulip":1,"minecraft:oak_boat":1,"minecraft:cobblestone_slab":2,"minecraft:iron_nugget":3,"minecraft:iron_pickaxe":2,"minecraft:chest":14,"minecraft:birch_sapling":1,"minecraft:iron_boots":2,"minecraft:stick":7,"minecraft:copper_ingot":5,"minecraft:oak_fence":2,"minecraft:torch":26,"minecraft:porkchop":5,"minecraft:diorite":6,"minecraft:carrot":7,"minecraft:arrow":9,"minecraft:rotten_flesh":72,"minecraft:beetroot_seeds":4,"minecraft:pink_tulip":7,"minecraft:gold_ingot":3,"minecraft:polished_blackstone":1,"minecraft:cod":4,"minecraft:mutton":1,"minecraft:white_wool":1,"minecraft:rail":5,"minecraft:cobblestone":72,"minecraft:lilac":8,"minecraft:leather_chestplate":1,"minecraft:feather":1,"minecraft:cooked_beef":3,"minecraft:andesite":4,"minecraft:birch_slab":4,"minecraft:salmon":47,"minecraft:black_bed":1,"minecraft:leather":1,"minecraft:golden_leggings":1,"minecraft:filled_map":1,"minecraft:flint":1,"minecraft:gunpowder":3,"minecraft:lapis_lazuli":15,"minecraft:dirt":95,"minecraft:white_banner":3,"minecraft:name_tag":1,"minecraft:cooked_mutton":1,"minecraft:bone":25,"minecraft:bow":2,"minecraft:orange_tulip":5,"minecraft:wheat_seeds":19,"minecraft:heart_of_the_sea":2,"minecraft:iron_ingot":52,"minecraft:mossy_stone_bricks":1,"minecraft:moss_block":1,"minecraft:iron_sword":7,"minecraft:pink_bed":2,"minecraft:oak_slab":1,"minecraft:sweet_berries":30,"minecraft:quartz":1,"minecraft:poisonous_potato":5,"minecraft:gravel":4,"minecraft:sand":18,"minecraft:spruce_sapling":1,"minecraft:grass_block":1,"minecraft:spruce_log":8,"minecraft:jungle_slab":1,"minecraft:mossy_cobblestone":1,"minecraft:diamond":5,"minecraft:iron_helmet":3,"minecraft:granite":2,"minecraft:bone_meal":2,"minecraft:bread":2,"minecraft:emerald":17,"minecraft:netherrack":3,"minecraft:oak_sapling":6,"minecraft:coal":65},"minecraft:killed":{"minecraft:spider":3,"minecraft:cod":7,"minecraft:skeleton":4,"minecraft:chicken":2,"minecraft:drowned":7,"minecraft:pig":2,"minecraft:salmon":46,"minecraft:creeper":3,"minecraft:squid":2,"minecraft:sheep":1,"minecraft:pillager":4,"minecraft:zombie":23,"minecraft:cow":1,"minecraft:enderman":1},"minecraft:used":{"minecraft:flint_and_steel":40,"minecraft:chest":6,"minecraft:spruce_planks":32,"minecraft:iron_sword":307,"minecraft:cooked_salmon":16,"minecraft:rotten_flesh":41,"minecraft:netherrack":3,"minecraft:iron_chestplate":3,"minecraft:torch":1,"minecraft:dirt":26,"minecraft:carrot":14,"minecraft:lava_bucket":1,"minecraft:iron_axe":30,"minecraft:iron_helmet":2,"minecraft:iron_boots":2,"minecraft:bow":1,"minecraft:sweet_berries":30,"minecraft:cooked_cod":4,"minecraft:potato":2,"minecraft:cobbled_deepslate":31,"minecraft:iron_leggings":3,"minecraft:mossy_stone_bricks":1,"minecraft:cooked_mutton":36,"minecraft:water_bucket":1,"minecraft:pink_tulip":5,"minecraft:oak_planks":1,"minecraft:salmon":4,"minecraft:golden_apple":2,"minecraft:mossy_cobblestone":1,"minecraft:sand":8,"minecraft:crafting_table":1,"minecraft:birch_slab":2,"minecraft:bread":8,"minecraft:iron_pickaxe":192,"minecraft:gravel":1,"minecraft:golden_leggings":1,"minecraft:cobblestone":1,"minecraft:white_banner":3,"minecraft:cooked_porkchop":5,"minecraft:poisonous_potato":6,"minecraft:bucket":4,"minecraft:golden_pickaxe":9},"minecraft:dropped":{"minecraft:iron_ingot":35,"minecraft:iron_sword":2,"minecraft:wheat_seeds":19,"minecraft:diamond":5,"minecraft:cobblestone":37,"minecraft:grass_block":1,"minecraft:coal":23,"minecraft:birch_slab":2,"minecraft:emerald":11,"minecraft:lava_bucket":1,"minecraft:heart_of_the_sea":2,"minecraft:string":2,"minecraft:gold_ingot":3,"minecraft:bone":1,"minecraft:pink_bed":1,"minecraft:oak_planks":39,"minecraft:cooked_mutton":1,"minecraft:pumpkin_seeds":4,"minecraft:flint_and_steel":1,"minecraft:cobblestone_slab":2},"minecraft:mined":{"minecraft:pink_bed":1,"minecraft:mossy_cobblestone":1,"minecraft:jungle_slab":1,"minecraft:granite":2,"minecraft:grass_block":19,"minecraft:birch_slab":2,"minecraft:kelp":2,"minecraft:spawner":1,"minecraft:large_fern":1,"minecraft:andesite":4,"minecraft:deepslate_iron_ore":2,"minecraft:pink_tulip":6,"minecraft:stone":64,"minecraft:white_tulip":1,"minecraft:white_banner":1,"minecraft:podzol":2,"minecraft:oak_slab":1,"minecraft:kelp_plant":4,"minecraft:torch":1,"minecraft:short_grass":43,"minecraft:chest":15,"minecraft:nether_quartz_ore":1,"minecraft:copper_ore":2,"minecraft:tall_grass":13,"minecraft:cobblestone":8,"minecraft:diorite":7,"minecraft:wall_torch":2,"minecraft:seagrass":1,"minecraft:sweet_berry_bush":13,"minecraft:lilac":9,"minecraft:spruce_log":9,"minecraft:orange_tulip":5,"minecraft:white_wall_banner":1,"minecraft:coal_ore":26,"minecraft:gravel":4,"minecraft:sand":8,"minecraft:dirt":36,"minecraft:polished_blackstone":1,"minecraft:netherrack":4,"minecraft:mossy_stone_bricks":1,"minecraft:oak_leaves":7,"minecraft:deepslate":62,"minecraft:fern":2,"minecraft:suspicious_gravel":1},"minecraft:killed_by":{"minecraft:player":1},"minecraft:custom":{"minecraft:mob_kills":106,"minecraft:interact_with_crafting_table":5,"minecraft:leave_game":6,"minecraft:time_since_death":1216,"minecraft:climb_one_cm":6932,"minecraft:sprint_one_cm":522424,"minecraft:walk_one_cm":526666,"minecraft:drop":25,"minecraft:talked_to_villager":1,"minecraft:play_time":297674,"minecraft:sneak_time":3368,"minecraft:deaths":6,"minecraft:walk_under_water_one_cm":540545,"minecraft:boat_one_cm":94723,"minecraft:jump":3845,"minecraft:walk_on_water_one_cm":483000,"minecraft:total_world_time":297674,"minecraft:interact_with_furnace":29,"minecraft:sleep_in_bed":17,"minecraft:time_since_rest":1,"minecraft:damage_taken":6247,"minecraft:damage_absorbed":50,"minecraft:damage_dealt":10950,"minecraft:swim_one_cm":48501,"minecraft:fly_one_cm":2282262,"minecraft:open_chest":88,"minecraft:crouch_one_cm":5987,"minecraft:fall_one_cm":78554}},"DataVersion":3955}