{"stats":{"minecraft:picked_up":{"minecraft:raw_iron":9,"minecraft:iron_chestplate":1,"minecraft:golden_carrot":3,"minecraft:diamond_sword":1,"minecraft:birch_planks":4,"minecraft:flint":3,"minecraft:tuff":2,"minecraft:shield":1,"minecraft:lapis_lazuli":15,"minecraft:iron_leggings":1,"minecraft:diamond":12,"minecraft:stone_axe":2,"minecraft:cobbled_deepslate":66,"minecraft:raw_gold":6,"minecraft:iron_helmet":1,"minecraft:stone_pickaxe":1,"minecraft:iron_pickaxe":1,"minecraft:baked_potato":31,"minecraft:coal":19,"minecraft:iron_boots":1,"minecraft:cobblestone":18},"minecraft:mined":{"minecraft:deepslate_diamond_ore":3,"minecraft:short_grass":1,"minecraft:grass_block":1,"minecraft:deepslate":2},"minecraft:custom":{"minecraft:time_since_rest":25742,"minecraft:interact_with_smithing_table":1,"minecraft:interact_with_furnace":6,"minecraft:sprint_one_cm":65132,"minecraft:damage_taken":273,"minecraft:walk_one_cm":52063,"minecraft:drop":2,"minecraft:damage_dealt":28,"minecraft:talked_to_villager":3,"minecraft:fly_one_cm":10569,"minecraft:open_chest":17,"minecraft:crouch_one_cm":26,"minecraft:play_time":25742,"minecraft:sneak_time":107,"minecraft:jump":230,"minecraft:interact_with_stonecutter":1,"minecraft:leave_game":1,"minecraft:time_since_death":25742,"minecraft:total_world_time":25742,"minecraft:fall_one_cm":1744},"minecraft:crafted":{"minecraft:iron_ingot":11,"minecraft:copper_ingot":26},"minecraft:used":{"minecraft:lava_bucket":1,"minecraft:birch_planks":4,"minecraft:baked_potato":3,"minecraft:iron_pickaxe":5,"minecraft:iron_helmet":1,"minecraft:golden_apple":1,"minecraft:diamond_sword":1,"minecraft:golden_carrot":1,"minecraft:bucket":1,"minecraft:cobbled_deepslate":2},"minecraft:dropped":{"minecraft:diamond_sword":1,"minecraft:raw_gold":3}},"DataVersion":3955}