{"stats":{"minecraft:picked_up":{"minecraft:wooden_axe":1,"minecraft:iron_chestplate":2,"minecraft:light_blue_concrete":1,"minecraft:iron_trapdoor":1,"minecraft:anvil":1,"minecraft:smithing_table":1,"minecraft:lead":2,"minecraft:diamond_sword":3,"minecraft:enchanted_book":46,"minecraft:amethyst_block":1,"minecraft:string":9,"minecraft:iron_leggings":7,"minecraft:armor_stand":1,"minecraft:netherite_ingot":6,"minecraft:oak_sign":3,"minecraft:diamond_leggings":1,"minecraft:gold_nugget":2,"minecraft:cobbled_deepslate":818,"minecraft:spruce_planks":11,"minecraft:white_tulip":9,"minecraft:wooden_shovel":2,"minecraft:iron_pickaxe":11,"minecraft:smooth_quartz":1,"minecraft:smooth_quartz_stairs":1,"minecraft:iron_boots":1,"minecraft:furnace":3,"minecraft:stick":158,"minecraft:polished_blackstone_stairs":5,"minecraft:torch":209,"minecraft:porkchop":3,"minecraft:dead_brain_coral_fan":1,"minecraft:light_gray_banner":1,"minecraft:stone_sword":3,"minecraft:rotten_flesh":81,"minecraft:red_tulip":1,"minecraft:end_rod":1,"minecraft:white_terracotta":4,"minecraft:netherite_chestplate":1,"minecraft:obsidian":2,"minecraft:cobblestone":350,"minecraft:nautilus_shell":1,"minecraft:birch_log":17,"minecraft:magma_block":21,"minecraft:lilac":6,"minecraft:feather":2,"minecraft:cooked_beef":14,"minecraft:iron_door":2,"minecraft:water_bucket":1,"minecraft:andesite":26,"minecraft:black_bed":3,"minecraft:golden_leggings":2,"minecraft:potato":7,"minecraft:flint":2,"minecraft:tuff":48,"minecraft:cherry_door":2,"minecraft:lapis_lazuli":99,"minecraft:netherite_leggings":1,"minecraft:dirt":94,"minecraft:lantern":13,"minecraft:twisting_vines":6,"minecraft:bone":147,"minecraft:wheat_seeds":18,"minecraft:large_amethyst_bud":1,"minecraft:bow":7,"minecraft:orange_tulip":13,"minecraft:raw_gold":16,"minecraft:bamboo":1,"minecraft:diamond_helmet":2,"minecraft:rabbit":1,"minecraft:glowstone_dust":4,"minecraft:powered_rail":4,"minecraft:moss_block":1,"minecraft:cyan_concrete":1,"minecraft:oak_planks":23,"minecraft:cooked_porkchop":40,"minecraft:oak_pressure_plate":1,"minecraft:gray_stained_glass":1,"minecraft:sand":5,"minecraft:ink_sac":3,"minecraft:grass_block":5,"minecraft:jungle_leaves":1,"minecraft:iron_hoe":1,"minecraft:diamond":247,"minecraft:black_concrete":1,"minecraft:bone_meal":1,"minecraft:white_concrete":1,"minecraft:emerald":93,"minecraft:oak_sapling":19,"minecraft:light_gray_carpet":1,"minecraft:netherrack":1122,"minecraft:diamond_pickaxe":3,"minecraft:charcoal":6,"minecraft:crafting_table":4,"minecraft:ladder":12,"minecraft:leather_leggings":2,"minecraft:stone_brick_wall":1,"minecraft:shield":1,"minecraft:iron_axe":8,"minecraft:wooden_sword":1,"minecraft:netherite_scrap":4,"minecraft:white_carpet":1,"minecraft:iron_shovel":8,"minecraft:blackstone":21,"minecraft:light_gray_wool":1,"minecraft:cherry_trapdoor":1,"minecraft:spruce_trapdoor":1,"minecraft:sugar_cane":9,"minecraft:chest":4,"minecraft:birch_sapling":1,"minecraft:phantom_membrane":3,"minecraft:egg":2,"minecraft:raw_iron":40,"minecraft:stone":1,"minecraft:oak_door":1,"minecraft:copper_ingot":3,"minecraft:flowering_azalea_leaves":1,"minecraft:stone_button":1,"minecraft:redstone":6,"minecraft:light_gray_stained_glass_pane":1,"minecraft:stone_shovel":12,"minecraft:arrow":82,"minecraft:diamond_chestplate":1,"minecraft:peony":10,"minecraft:diamond_boots":1,"minecraft:pink_tulip":8,"minecraft:gold_ingot":45,"minecraft:polished_blackstone":6,"minecraft:white_shulker_box":1,"minecraft:white_wool":2,"minecraft:oxeye_daisy":7,"minecraft:stripped_oak_log":1,"minecraft:basalt":24,"minecraft:golden_carrot":148,"minecraft:salmon":2,"minecraft:leather":1,"minecraft:ice":1,"minecraft:oak_log":124,"minecraft:chainmail_chestplate":1,"minecraft:ancient_debris":23,"minecraft:gunpowder":6,"minecraft:paper":5,"minecraft:stone_bricks":2,"minecraft:gray_carpet":1,"minecraft:kelp":53,"minecraft:iron_ingot":2,"minecraft:oak_fence_gate":1,"minecraft:stone_pickaxe":1,"minecraft:cooked_chicken":60,"minecraft:iron_sword":2,"minecraft:scaffolding":1,"minecraft:pumpkin":10,"minecraft:sweet_berries":11,"minecraft:quartz":146,"minecraft:dandelion":11,"minecraft:gravel":72,"minecraft:spruce_sapling":3,"minecraft:white_bed":2,"minecraft:spruce_log":14,"minecraft:spruce_door":3,"minecraft:spider_eye":5,"minecraft:sea_lantern":1,"minecraft:mangrove_leaves":1,"minecraft:stone_axe":2,"minecraft:iron_helmet":7,"minecraft:diamond_axe":3,"minecraft:painting":1,"minecraft:cherry_sapling":7,"minecraft:gray_wool":1,"minecraft:stripped_dark_oak_log":1,"minecraft:coal":342,"minecraft:smooth_quartz_slab":1,"minecraft:sunflower":2},"minecraft:broken":{"minecraft:iron_pickaxe":1},"minecraft:custom":{"minecraft:animals_bred":18,"minecraft:interact_with_crafting_table":14,"minecraft:leave_game":31,"minecraft:time_since_death":677594,"minecraft:damage_resisted":46,"minecraft:sprint_one_cm":2035996,"minecraft:damage_blocked_by_shield":1560,"minecraft:drop":354,"minecraft:talked_to_villager":125,"minecraft:play_time":2318381,"minecraft:deaths":14,"minecraft:jump":5077,"minecraft:walk_on_water_one_cm":141795,"minecraft:enchant_item":8,"minecraft:interact_with_furnace":11,"minecraft:traded_with_villager":26,"minecraft:interact_with_cartography_table":1,"minecraft:sleep_in_bed":42,"minecraft:damage_dealt":31218,"minecraft:player_kills":4,"minecraft:crouch_one_cm":78553,"minecraft:horse_one_cm":7237,"minecraft:interact_with_smithing_table":10,"minecraft:mob_kills":694,"minecraft:interact_with_anvil":11,"minecraft:inspect_hopper":5,"minecraft:climb_one_cm":42369,"minecraft:walk_one_cm":2336315,"minecraft:damage_dealt_absorbed":10,"minecraft:sneak_time":57020,"minecraft:walk_under_water_one_cm":286815,"minecraft:boat_one_cm":321747,"minecraft:total_world_time":2318381,"minecraft:pot_flower":3,"minecraft:time_since_rest":13866,"minecraft:damage_taken":9900,"minecraft:swim_one_cm":532961,"minecraft:fly_one_cm":6502454,"minecraft:open_chest":153,"minecraft:fall_one_cm":56718},"minecraft:mined":{"minecraft:spruce_planks":3,"minecraft:obsidian":2,"minecraft:grass_block":1,"minecraft:stone_brick_wall":2,"minecraft:tall_seagrass":1,"minecraft:magma_block":24,"minecraft:glowstone":1,"minecraft:cobbled_deepslate":2,"minecraft:deepslate_lapis_ore":6,"minecraft:twisting_vines":1,"minecraft:blackstone":27,"minecraft:torch":7,"minecraft:nether_quartz_ore":82,"minecraft:cobblestone":2,"minecraft:oak_planks":3,"minecraft:wall_torch":1,"minecraft:seagrass":1,"minecraft:oak_log":65,"minecraft:netherrack":1543,"minecraft:ancient_debris":23,"minecraft:oak_leaves":38,"minecraft:deepslate":818,"minecraft:tuff":48,"minecraft:deepslate_diamond_ore":158,"minecraft:spruce_leaves":7,"minecraft:andesite":19,"minecraft:stone":151,"minecraft:stripped_dark_oak_log":5,"minecraft:basalt":69,"minecraft:short_grass":28,"minecraft:tall_grass":6,"minecraft:deepslate_gold_ore":16,"minecraft:sweet_berry_bush":4,"minecraft:ice":5,"minecraft:birch_leaves":1,"minecraft:coal_ore":14,"minecraft:gravel":24,"minecraft:polished_blackstone":9},"minecraft:killed":{"minecraft:zombified_piglin":5,"minecraft:spider":6,"minecraft:skeleton":488,"minecraft:fox":1,"minecraft:chicken":2,"minecraft:skeleton_horse":3,"minecraft:zombie_villager":1,"minecraft:creeper":38,"minecraft:sheep":1,"minecraft:zombie":97,"minecraft:phantom":5,"minecraft:horse":1,"minecraft:drowned":18,"minecraft:rabbit":1,"minecraft:wandering_trader":1,"minecraft:villager":17,"minecraft:enderman":1},"minecraft:killed_by":{"minecraft:drowned":2,"minecraft:skeleton":8},"minecraft:crafted":{"minecraft:oak_planks":4,"minecraft:diamond_helmet":2,"minecraft:diamond_leggings":2,"minecraft:emerald":2,"minecraft:crafting_table":1,"minecraft:gold_block":5,"minecraft:diamond_pickaxe":1,"minecraft:netherite_ingot":5,"minecraft:stone_shovel":12,"minecraft:furnace":2,"minecraft:diamond_block":5,"minecraft:diamond_boots":1,"minecraft:netherite_scrap":23,"minecraft:diamond_sword":1,"minecraft:stone_axe":12,"minecraft:torch":44,"minecraft:diamond_chestplate":2},"minecraft:used":{"minecraft:nether_brick_fence":24,"minecraft:iron_shovel":103,"minecraft:polished_deepslate":3,"minecraft:polished_blackstone":209,"minecraft:ladder":133,"minecraft:oak_sign":5,"minecraft:chest":28,"minecraft:shield":31,"minecraft:stone":710,"minecraft:iron_sword":105,"minecraft:soul_sand":1,"minecraft:skeleton_spawn_egg":16,"minecraft:nether_bricks":680,"minecraft:tuff":36,"minecraft:stripped_spruce_log":73,"minecraft:obsidian":182,"minecraft:polished_blackstone_slab":22,"minecraft:glass":606,"minecraft:packed_ice":6,"minecraft:villager_spawn_egg":20,"minecraft:lantern":78,"minecraft:grass_block":1840,"minecraft:dark_oak_slab":238,"minecraft:cherry_leaves":23,"minecraft:stone_brick_stairs":71,"minecraft:stone_bricks":233,"minecraft:bedrock":47,"minecraft:bow":77,"minecraft:scaffolding":1,"minecraft:furnace":7,"minecraft:egg":6,"minecraft:polished_blackstone_stairs":170,"minecraft:stripped_spruce_wood":1,"minecraft:dark_oak_stairs":63,"minecraft:spruce_door":1,"minecraft:powered_rail":34,"minecraft:acacia_trapdoor":98,"minecraft:stone_pickaxe":18,"minecraft:oak_planks":397,"minecraft:fox_spawn_egg":1,"minecraft:redstone_block":2,"minecraft:diamond_axe":139,"minecraft:smooth_quartz_stairs":502,"minecraft:light_blue_concrete":60,"minecraft:sponge":84,"minecraft:stone_brick_wall":80,"minecraft:black_bed":12,"minecraft:lightning_rod":5,"minecraft:deepslate_tiles":4,"minecraft:acacia_door":2,"minecraft:mace":9,"minecraft:dark_oak_log":5,"minecraft:heavy_weighted_pressure_plate":2,"minecraft:string":9,"minecraft:warped_slab":111,"minecraft:verdant_froglight":5,"minecraft:stone_button":1,"minecraft:lectern":15,"minecraft:oak_pressure_plate":2,"minecraft:iron_door":2,"minecraft:deepslate":6,"minecraft:cat_spawn_egg":36,"minecraft:diamond_sword":451,"minecraft:stripped_oak_wood":21,"minecraft:smithing_table":15,"minecraft:dark_oak_fence":95,"minecraft:andesite":5,"minecraft:ice":149,"minecraft:oak_boat":14,"minecraft:stripped_cherry_log":206,"minecraft:white_concrete":1,"minecraft:bone_meal":26,"minecraft:gray_stained_glass":711,"minecraft:oak_trapdoor":120,"minecraft:oak_fence":8,"minecraft:enchanting_table":2,"minecraft:flint_and_steel":14,"minecraft:spruce_planks":1,"minecraft:wooden_shovel":49,"minecraft:polished_blackstone_wall":60,"minecraft:cooked_chicken":34,"minecraft:netherrack":95,"minecraft:oak_door":5,"minecraft:torch":374,"minecraft:spyglass":55,"minecraft:anvil":1,"minecraft:white_carpet":56,"minecraft:hopper":12,"minecraft:diamond_helmet":1,"minecraft:nether_brick_slab":246,"minecraft:spruce_fence":55,"minecraft:nether_brick_stairs":128,"minecraft:oak_fence_gate":5,"minecraft:dark_oak_planks":24,"minecraft:red_tulip":7,"minecraft:bookshelf":27,"minecraft:filled_map":24,"minecraft:oak_stairs":124,"minecraft:cherry_slab":107,"minecraft:spawner":7,"minecraft:crimson_slab":6,"minecraft:cherry_trapdoor":97,"minecraft:smooth_quartz":1829,"minecraft:bamboo":11,"minecraft:glowstone":19,"minecraft:golden_carrot":55,"minecraft:warped_stairs":147,"minecraft:wolf_spawn_egg":4,"minecraft:minecart":1,"minecraft:crimson_pressure_plate":2,"minecraft:stone_pressure_plate":2,"minecraft:cobbled_deepslate":297,"minecraft:cherry_fence":80,"minecraft:cherry_log":80,"minecraft:enchanted_golden_apple":1,"minecraft:water_bucket":60,"minecraft:nether_brick_wall":324,"minecraft:dirt_path":86,"minecraft:birch_planks":1,"minecraft:iron_golem_spawn_egg":5,"minecraft:cobblestone_slab":129,"minecraft:spruce_fence_gate":9,"minecraft:deepslate_bricks":1,"minecraft:glow_item_frame":15,"minecraft:oak_slab":19,"minecraft:tnt":5,"minecraft:crafting_table":2,"minecraft:campfire":164,"minecraft:dark_oak_door":4,"minecraft:oak_log":4,"minecraft:flower_pot":3,"minecraft:diamond_pickaxe":2472,"minecraft:oxeye_daisy":4,"minecraft:cherry_door":5,"minecraft:pig_spawn_egg":3,"minecraft:iron_pickaxe":579,"minecraft:map":26,"minecraft:cracked_nether_bricks":1,"minecraft:cyan_concrete":67,"minecraft:stone_slab":22,"minecraft:spruce_trapdoor":10,"minecraft:pink_petals":5,"minecraft:pink_bed":8,"minecraft:fishing_rod":23,"minecraft:cobblestone":2848,"minecraft:cherry_stairs":261,"minecraft:white_banner":1,"minecraft:bucket":48,"minecraft:stripped_oak_log":229},"minecraft:dropped":{"minecraft:iron_sword":3,"minecraft:diamond_axe":3,"minecraft:oak_pressure_plate":1,"minecraft:cooked_beef":13,"minecraft:oak_log":14,"minecraft:golden_pickaxe":1,"minecraft:crafting_table":3,"minecraft:cooked_porkchop":104,"minecraft:orange_tulip":13,"minecraft:black_bed":5,"minecraft:emerald":1,"minecraft:dirt":18,"minecraft:dark_oak_log":63,"minecraft:stone_button":1,"minecraft:cherry_trapdoor":1,"minecraft:cooked_cod":34,"minecraft:wooden_sword":1,"minecraft:sunflower":2,"minecraft:sand":2,"minecraft:iron_pickaxe":14,"minecraft:birch_log":17,"minecraft:white_wool":1,"minecraft:bone":8,"minecraft:oak_door":2,"minecraft:gravel":39,"minecraft:white_tulip":9,"minecraft:stone_axe":14,"minecraft:cooked_chicken":98,"minecraft:pink_bed":1,"minecraft:cobbled_deepslate":2,"minecraft:stripped_dark_oak_log":1,"minecraft:cherry_sapling":512,"minecraft:rotten_flesh":27,"minecraft:oak_planks":199,"minecraft:enchanted_golden_apple":3,"minecraft:white_bed":3,"minecraft:salmon":256,"minecraft:chainmail_chestplate":2,"minecraft:gunpowder":1,"minecraft:glowstone":1,"minecraft:stone_brick_wall":1,"minecraft:ladder":1,"minecraft:chest":4,"minecraft:chainmail_boots":1,"minecraft:leather_leggings":2,"minecraft:arrow":12,"minecraft:glass":1,"minecraft:netherrack":16,"minecraft:egg":1,"minecraft:iron_ingot":1,"minecraft:wheat_seeds":9,"minecraft:gray_stained_glass_pane":1,"minecraft:smithing_table":1,"minecraft:poisonous_potato":2,"minecraft:feather":2,"minecraft:cobblestone":45,"minecraft:iron_helmet":11,"minecraft:grass_block":6,"minecraft:golden_apple":1,"minecraft:chainmail_helmet":1,"minecraft:coal":242,"minecraft:stick":11,"minecraft:oxeye_daisy":4,"minecraft:gray_wool":1,"minecraft:ink_sac":1,"minecraft:golden_carrot":87,"minecraft:sponge":1,"minecraft:torch":59,"minecraft:rabbit":1,"minecraft:iron_leggings":10,"minecraft:oak_stairs":1,"minecraft:pumpkin":1,"minecraft:iron_axe":13,"minecraft:chainmail_leggings":1,"minecraft:iron_shovel":11,"minecraft:string":2,"minecraft:pink_petals":512,"minecraft:spruce_sapling":2,"minecraft:dandelion":1,"minecraft:pink_tulip":6,"minecraft:furnace":1,"minecraft:kelp":53,"minecraft:stone_sword":2,"minecraft:raw_iron":13,"minecraft:stone_shovel":24,"minecraft:white_carpet":2,"minecraft:light_gray_wool":1,"minecraft:iron_boots":2,"minecraft:villager_spawn_egg":1,"minecraft:iron_hoe":2,"minecraft:stripped_oak_log":1,"minecraft:skeleton_spawn_egg":1,"minecraft:oak_sign":5,"minecraft:flint_and_steel":2,"minecraft:diamond_sword":2,"minecraft:stone":1,"minecraft:peony":5,"minecraft:spruce_trapdoor":2,"minecraft:diamond_pickaxe":1,"minecraft:andesite":3,"minecraft:iron_chestplate":1,"minecraft:golden_leggings":3,"minecraft:oak_boat":1,"minecraft:bow":2,"minecraft:stone_pickaxe":1}},"DataVersion":3955}