{"stats":{"minecraft:broken":{"minecraft:stone_pickaxe":1,"minecraft:iron_pickaxe":1},"minecraft:crafted":{"minecraft:oak_door":6,"minecraft:oak_planks":200,"minecraft:stone_shovel":1,"minecraft:cooked_chicken":14,"minecraft:furnace":6,"minecraft:cooked_mutton":5,"minecraft:iron_boots":1,"minecraft:iron_axe":1,"minecraft:stone_pickaxe":1,"minecraft:chest":3,"minecraft:cooked_beef":12,"minecraft:cooked_porkchop":15,"minecraft:crafting_table":10,"minecraft:wooden_pickaxe":1,"minecraft:iron_helmet":1,"minecraft:iron_sword":2,"minecraft:campfire":2,"minecraft:stone_axe":1,"minecraft:bread":7,"minecraft:air":0,"minecraft:iron_chestplate":1,"minecraft:charcoal":1,"minecraft:shield":3,"minecraft:stick":76,"minecraft:iron_ingot":102,"minecraft:iron_pickaxe":2,"minecraft:stone_sword":1,"minecraft:iron_leggings":1,"minecraft:gold_ingot":1,"minecraft:torch":148},"minecraft:picked_up":{"minecraft:crafting_table":6,"minecraft:allium":2,"minecraft:azure_bluet":1,"minecraft:chicken":19,"minecraft:wooden_pickaxe":1,"minecraft:string":6,"minecraft:iron_axe":3,"minecraft:cobbled_deepslate":15,"minecraft:beef":58,"minecraft:rose_bush":2,"minecraft:iron_pickaxe":1,"minecraft:light_gray_wool":1,"minecraft:birch_sapling":1,"minecraft:egg":1,"minecraft:furnace":3,"minecraft:golden_helmet":1,"minecraft:stick":7,"minecraft:raw_iron":128,"minecraft:oak_door":5,"minecraft:torch":7,"minecraft:bowl":1,"minecraft:porkchop":30,"minecraft:diorite":19,"minecraft:stone_sword":1,"minecraft:arrow":22,"minecraft:rotten_flesh":35,"minecraft:red_tulip":2,"minecraft:pink_tulip":3,"minecraft:glowstone":1,"minecraft:mutton":23,"minecraft:cobblestone":362,"minecraft:white_wool":11,"minecraft:birch_log":7,"minecraft:lilac":3,"minecraft:feather":19,"minecraft:cooked_beef":2,"minecraft:andesite":18,"minecraft:black_bed":1,"minecraft:leather":23,"minecraft:flint":1,"minecraft:oak_log":84,"minecraft:gunpowder":3,"minecraft:lapis_lazuli":39,"minecraft:dirt":34,"minecraft:cooked_mutton":11,"minecraft:bone":17,"minecraft:bow":3,"minecraft:orange_tulip":4,"minecraft:wheat_seeds":17,"minecraft:raw_gold":1,"minecraft:rabbit_hide":1,"minecraft:stone_pickaxe":1,"minecraft:cooked_chicken":2,"minecraft:rabbit":4,"minecraft:pink_bed":5,"minecraft:cooked_porkchop":11,"minecraft:gravel":2,"minecraft:sand":1,"minecraft:white_bed":2,"minecraft:spider_eye":3,"minecraft:diamond":1,"minecraft:stone_axe":1,"minecraft:gray_wool":1,"minecraft:oak_sapling":3,"minecraft:coal":262,"minecraft:ender_pearl":1},"minecraft:killed":{"minecraft:spider":6,"minecraft:horse":6,"minecraft:skeleton":13,"minecraft:chicken":19,"minecraft:pig":16,"minecraft:rabbit":4,"minecraft:creeper":3,"minecraft:sheep":13,"minecraft:zombie":28,"minecraft:cow":21},"minecraft:dropped":{"minecraft:wheat_seeds":3,"minecraft:cooked_beef":5,"minecraft:black_bed":1,"minecraft:dirt":1,"minecraft:rose_bush":2,"minecraft:iron_axe":2,"minecraft:pink_tulip":1,"minecraft:oak_door":1,"minecraft:stone_axe":1,"minecraft:cooked_chicken":2,"minecraft:stone_sword":1,"minecraft:bowl":3,"minecraft:rotten_flesh":4,"minecraft:andesite":2,"minecraft:glowstone":1,"minecraft:oak_sapling":1},"minecraft:used":{"minecraft:stone_sword":80,"minecraft:stone_shovel":7,"minecraft:chest":3,"minecraft:shield":43,"minecraft:iron_sword":248,"minecraft:cooked_chicken":6,"minecraft:oak_door":5,"minecraft:torch":150,"minecraft:dirt":32,"minecraft:allium":2,"minecraft:azure_bluet":1,"minecraft:red_tulip":2,"minecraft:iron_axe":144,"minecraft:birch_sapling":1,"minecraft:bow":1,"minecraft:oak_sapling":1,"minecraft:furnace":8,"minecraft:egg":1,"minecraft:cooked_beef":9,"minecraft:cooked_mutton":10,"minecraft:diorite":5,"minecraft:stone_pickaxe":131,"minecraft:oak_planks":20,"minecraft:orange_tulip":4,"minecraft:wooden_pickaxe":5,"minecraft:crafting_table":14,"minecraft:white_bed":1,"minecraft:campfire":2,"minecraft:oak_log":2,"minecraft:bread":8,"minecraft:suspicious_stew":2,"minecraft:iron_pickaxe":634,"minecraft:gravel":2,"minecraft:lilac":3,"minecraft:stone_axe":48,"minecraft:pink_bed":4,"minecraft:cobblestone":219,"minecraft:porkchop":1,"minecraft:cooked_porkchop":13,"minecraft:andesite":16,"minecraft:gray_wool":1},"minecraft:mined":{"minecraft:white_bed":1,"minecraft:oak_sapling":1,"minecraft:pink_bed":3,"minecraft:deepslate_diamond_ore":1,"minecraft:oak_door":4,"minecraft:glow_lichen":4,"minecraft:allium":2,"minecraft:grass_block":11,"minecraft:oxeye_daisy":1,"minecraft:furnace":3,"minecraft:iron_ore":120,"minecraft:andesite":16,"minecraft:deepslate_lapis_ore":2,"minecraft:azure_bluet":1,"minecraft:red_tulip":2,"minecraft:deepslate_iron_ore":9,"minecraft:pink_tulip":1,"minecraft:stone":317,"minecraft:crafting_table":5,"minecraft:torch":4,"minecraft:short_grass":98,"minecraft:rose_bush":1,"minecraft:glass":1,"minecraft:cobblestone":27,"minecraft:tall_grass":13,"minecraft:deepslate_gold_ore":1,"minecraft:lapis_ore":4,"minecraft:diorite":19,"minecraft:wall_torch":2,"minecraft:birch_log":7,"minecraft:lilac":4,"minecraft:birch_leaves":2,"minecraft:oak_log":87,"minecraft:coal_ore":229,"minecraft:gravel":2,"minecraft:sand":1,"minecraft:dirt":7,"minecraft:oak_leaves":21,"minecraft:deepslate":13},"minecraft:killed_by":{"minecraft:skeleton":3},"minecraft:custom":{"minecraft:mob_kills":130,"minecraft:interact_with_crafting_table":41,"minecraft:interact_with_campfire":26,"minecraft:leave_game":4,"minecraft:time_since_death":107377,"minecraft:sprint_one_cm":542399,"minecraft:walk_one_cm":605002,"minecraft:damage_blocked_by_shield":3048,"minecraft:drop":31,"minecraft:play_time":181639,"minecraft:deaths":3,"minecraft:sneak_time":10850,"minecraft:walk_under_water_one_cm":33855,"minecraft:jump":4185,"minecraft:walk_on_water_one_cm":32912,"minecraft:total_world_time":181639,"minecraft:interact_with_furnace":103,"minecraft:sleep_in_bed":6,"minecraft:time_since_rest":6462,"minecraft:damage_taken":3664,"minecraft:damage_dealt":16927,"minecraft:fly_one_cm":693071,"minecraft:swim_one_cm":56102,"minecraft:open_chest":11,"minecraft:crouch_one_cm":27919,"minecraft:fall_one_cm":94878}},"DataVersion":3955}