{"stats":{"minecraft:custom":{"minecraft:interact_with_furnace":2,"minecraft:mob_kills":16,"minecraft:interact_with_crafting_table":1,"minecraft:open_barrel":2,"minecraft:leave_game":17,"minecraft:time_since_death":438248,"minecraft:sleep_in_bed":6,"minecraft:time_since_rest":170311,"minecraft:sprint_one_cm":124007,"minecraft:damage_taken":665,"minecraft:walk_one_cm":292732,"minecraft:drop":91,"minecraft:damage_dealt":2735,"minecraft:player_kills":1,"minecraft:swim_one_cm":77645,"minecraft:fly_one_cm":586617,"minecraft:open_chest":3,"minecraft:crouch_one_cm":2296,"minecraft:play_time":472707,"minecraft:deaths":1,"minecraft:sneak_time":3926,"minecraft:walk_under_water_one_cm":426752,"minecraft:boat_one_cm":42135,"minecraft:jump":362,"minecraft:walk_on_water_one_cm":45472,"minecraft:total_world_time":472707,"minecraft:fall_one_cm":12987},"minecraft:mined":{"minecraft:grass_block":2,"minecraft:coal_ore":22,"minecraft:stone":1},"minecraft:picked_up":{"minecraft:crafting_table":64,"minecraft:black_bed":1,"minecraft:gunpowder":2,"minecraft:string":3,"minecraft:purple_carpet":9,"minecraft:white_carpet":9,"minecraft:bone":11,"minecraft:kelp":44,"minecraft:torch":5,"minecraft:spider_eye":1,"minecraft:arrow":8,"minecraft:rotten_flesh":3,"minecraft:coal":22,"minecraft:cobblestone":1},"minecraft:dropped":{"minecraft:enchanted_book":46,"minecraft:anvil":1,"minecraft:kelp":64,"minecraft:diamond_axe":1,"minecraft:lapis_lazuli":59,"minecraft:netherite_ingot":6,"minecraft:oak_log":64,"minecraft:diamond":46,"minecraft:crafting_table":126,"minecraft:cooked_porkchop":128,"minecraft:diamond_leggings":1,"minecraft:raw_iron":29,"minecraft:netherite_chestplate":1,"minecraft:black_bed":2,"minecraft:cooked_mutton":64,"minecraft:coal":150,"minecraft:netherite_leggings":1,"minecraft:stick":128,"minecraft:emerald":40,"minecraft:diamond_sword":1,"minecraft:dirt":30,"minecraft:stone":64,"minecraft:shield":1,"minecraft:netherite_scrap":4,"minecraft:golden_carrot":64,"minecraft:diamond_chestplate":1,"minecraft:torch":64,"minecraft:diamond_pickaxe":2,"minecraft:diamond_helmet":2,"minecraft:diamond_boots":1,"minecraft:arrow":1,"minecraft:bow":2,"minecraft:stone_pickaxe":1,"minecraft:iron_shovel":1,"minecraft:string":3,"minecraft:quartz":64,"minecraft:gold_ingot":45},"minecraft:used":{"minecraft:wheat_seeds":2,"minecraft:water_bucket":1,"minecraft:amethyst_block":44,"minecraft:chest":13,"minecraft:stone":125,"minecraft:iron_sword":45,"minecraft:oak_door":5,"minecraft:torch":63,"minecraft:sand":152,"minecraft:white_carpet":14,"minecraft:crafting_table":2,"minecraft:sponge":138,"minecraft:black_bed":5,"minecraft:dark_oak_door":4,"minecraft:oak_fence_gate":2,"minecraft:iron_hoe":89,"minecraft:glass":1395,"minecraft:grass_block":115,"minecraft:lantern":19,"minecraft:iron_pickaxe":23,"minecraft:spruce_trapdoor":6,"minecraft:deepslate":5,"minecraft:barrel":2,"minecraft:stone_bricks":1094,"minecraft:purple_concrete":31,"minecraft:cobblestone":1,"minecraft:furnace":6,"minecraft:cooked_porkchop":3,"minecraft:oak_boat":2,"minecraft:white_concrete":123,"minecraft:purple_carpet":13,"minecraft:polished_blackstone_stairs":1},"minecraft:killed":{"minecraft:spider":3,"minecraft:bat":1,"minecraft:creeper":3,"minecraft:skeleton":6,"minecraft:zombie":2},"minecraft:killed_by":{"minecraft:zombie":1}},"DataVersion":3955}